Stock,ID
,
20 Microns Limited,20MICRONS
360 ONE WAM LIMITED,360ONE
3B BlackBio Dx Limited,3BBLACKBIO
3i Infotech limited,3IINFOLTD
3M India Ltd.,3MINDIA
3P LAND HOLDINGS LTD.,3PLAND
5paisa Capital Limited,5PAISA
63 Moons Technologies Limited,63MOONS
7SEAS ENTERTAINMENT LIMITED,7SEASL
A-1 Acid Limited,AAL
A.F. Enterprises Limited,AFEL
A.K. Spintex Ltd.,AKSPINTEX
A.K.Capital Services Ltd.,AKCAPIT
A2Z Infra Engineering Limited,A2ZINFRA
AA Plus Tradelink Limited,AAPLUSTRAD
AAA TECHNOLOGIES LIMITED,AAATECH
Aadi Industries Ltd,AADIIND
Aananda Lakshmi Spinning Mills Limited,AANANDALAK
Aanchal Ispat Limited,AANCHALISP
Aar Shyam India Investment Company Limited,AARSHYAM
Aarey Drugs & Pharmaceuticals Ltd,AAREYDRUGS
AARNAV FASHIONS LIMITED,AARNAV
Aartech Solonics Limited,AARTECH
Aarti Drugs Limited,AARTIDRUGS
Aarti Industries Ltd,AARTIIND
Aarti Pharmalabs Limited,AARTIPHARM
Aarti Surfactants Limited,AARTISURF
"Aarvee Denims & Exports Ltd.,",AARVEEDEN
Aashka Hospitals Limited,AASHKA
Aastamangalam Finance Limited,AASTAFIN
AAVAS Financiers Limited,AAVAS
Aayush Food And Herbs Limited,AAYUSH
"Aban  Offshore Ltd.,",ABAN
ABans Enterprises Limited,ABANSENT
Abans Holdings Limited,AHL
ABB India Limited,ABB
Abbott India Ltd.,ABBOTINDIA
ABC Gas (International) Ltd.,ABCGAS
ABC India Ltd.,ABCINDQ
Abhijit Trading Co. Ltd.,ABHIJIT
Abhinav Capital Services Limited,ABHICAP
Abhinav Leasing & Finance Limited,ALFL
Abhishek Finlease limited,ABHIFIN
Abhishek Infraventures Limited,ABHIINFRA
Abirami Financial Services (India),ABIRAFN
ABM Knowledgeware Ltd.,ABMKNO
ACC Ltd,ACC
ACCEL LIMITED,ACCEL
ACCELERATEBS INDIA LIMITED,ACCELERATE
ACCELYA SOLUTIONS INDIA LIMITED,ACCELYA
ACE ENGITECH LIMITED,ACEENGITEC
ACE MEN ENGG WORKS LIMITED,ACEMEN
Ace Software Exports ltd.,ACESOFT
Achyut Healthcare Limited,ACHYUT
ACI Infocom Ltd.,ACIIN
Acknit Industries Ltd,ACKNIT
Acme Resources Limited,ACME
"Acrow (India) Ltd.,",ACROW
Action Construction Equipments Ltd.,ACE
Active Clothing Co  Limited,ACTIVE
AD-Manum Finance Ltd,ADMANUM
Adani Energy Solutions Limited,ADANIENSOL
Adani Enterprises Ltd.,ADANIENT
Adani Green Energy Limited,ADANIGREEN
Adani Ports and Special Economic Zone Ltd,ADANIPORTS
Adani Power Limited,ADANIPOWER
ADANI TOTAL GAS LIMITED,ATGL
Adani Wilmar Limited,AWL
Adarsh Mercantile Limited,ADARSH
Adarsh Plant Project Ltd.,ADARSHPL
ADC India Communications Limited,ADCINDIA
Adcon Capital Services Limited,ADCON
Add-Shop E-Retail Limited,ASRL
"Addi Industries Ltd.,",ADDIND
Adeshwar Meditex Limited,ADESHWAR
ADF Foods Limited.,ADFFOODS
Adhbhut Infrastructure Ltd.,ADHBHUTIN
Adhiraj Distributors Limited,ADHIRAJ
Adinath Exim Resources Ltd.,ADIEXRE
"Adinath Textiles Ltd.,",ADINATH
Adishakti Loha and Ispat Limited,ADISHAKTI
Aditya Birla  Money Ltd,BIRLAMONEY
Aditya Birla Capital Ltd,ABCAPITAL
Aditya Birla Fashion and Retail Limited,ABFRL
Aditya Birla Sun Life AMC Limited,ABSLAMC
Aditya Birla Sun Life Mutual Fund,BSLSENETFG
Aditya Birla Sun Life Mutual Fund,ABSLNN50ET
Aditya Birla Sun Life Mutual Fund,ABSLBANETF
Aditya Birla Sun Life Mutual Fund,TECH
Aditya Birla Sun Life Mutual Fund,HEALTHY
Aditya Birla Sun Life Mutual Fund,BSLNIFTY
Aditya Birla Sun Life Mutual Fund,NIFTYQLITY
Aditya Birla Sun Life Mutual Fund,MOMENTUM
ADITYA CONSUMER MARKETING LIMITED,ACML
Aditya Ispat Ltd.,ADITYA
Aditya Spinners Ltd.,ADITYASP
Aditya Vision Limited,AVL
ADLINE CHEM LAB LIMITED,ADLINE
Ador Fontech Ltd,ADORFO
Ador Multiproducts Ltd,ADORMUL
Ador Welding Ltd.,ADORWELD
Adroit Infotech Limited,ADROITINFO
Advait Infratech Limited,ADVAIT
Advance Lifestyles Ltd.,ADVLIFE
ADVANCE METERING TECHNOLOGY LIMITED,AMTL
"Advance Petrochemicals Ltd.,",ADVPETR-B
Advance Syntex Limited,ASYL
Advanced Enzyme Technologies Limited,ADVENZYMES
Advani Hotels & Resorts (India) Ltd.,ADVANIHOTR
Advik Capital Limited,ADVIKCA
Aegis Logistics Ltd.,AEGISLOG
Aeroflex Industries Limited,AEROFLEX
Aerpace Industries Limited,AERPACE
Aether Industries Limited,AETHER
Affle (India) Limited,AFFLE
Affordable Robotic & Automation Limited,AFFORDABLE
AGARWAL FORTUNE INDIA LIMITED,AGARWAL
Agarwal Industrial Corporation Limited,AGARIND
AGI GREENPAC LIMITED,AGI
AGI Infra Limited,AGIIL
Agio Paper & Industries Limited,AGIOPAPER
Agri-Tech India Ltd.,AGRITECH
Agro Tech Foods Ltd,ATFL
AGS TRANSACT TECHNOLOGIES LIMITED,AGSTRA
AHASOLAR TECHNOLOGIES LIMITED,AHASOLAR
Ahluwalia Contracts (India) Ltd,AHLUCONT
Ahmedabad Steelcraft Ltd.,AHMDSTE
AI CHAMPDANY INDUSTRIES LIMITED,AICHAMP
AIA Engineering Ltd.,AIAENG
AIK Pipes and Polymers Limited,AIKPIPES
"Aimco Pesticides Ltd.,",AIMCOPEST
AIRAN LIMITED,AIRAN
Ajanta Pharma Ltd.,AJANTPHARM
Ajanta Soya Limited,AJANTSOY
Ajcon Global Services Ltd.,AJCON
AJEL Limited,AJEL
Ajmera Realty & Infra India Limited,AJMERA
Ajwa Fun World & Resorts Ltd,AJWAFUN
Akar Auto Industries Limited,AAIL
AKI India Limited,AKI
AKM CREATIONS LIMITED,AKM
Aksh Optifibre Ltd.,AKSHOPTFBR
Akshar Spintex Limited,AKSHAR
AksharChem (India) Ltd.,AKSHARCHEM
Akzo Nobel India Limited,AKZOINDIA
Alacrity Securities Limited,ALSL
Alan Scott Industries Ltd.,ALAN SCOTT
Alankit Limited,ALANKIT
"Albert David Ltd.,",ALBERTDAVD
Alchemist Corporation Ltd,ALCHCORP
Alembic  Ltd,ALEMBICLTD
ALEMBIC PHARMACEUTICALS LIMITED,APLLTD
Alexander Stamps And Coin Limited,ALEXANDER
Alfa Ica (India) Ltd,ALFAICA
Alfa Transformers ltd.,ALFATRAN
Alfavision Overseas (India) Ltd.,ALFAVIO
"Alfred Herbert (India) Ltd.,",ALFREDHE
ALGOQUANT FINTECH LIMITED,AQFINTECH
Alicon Castalloy Limited,ALICON
Alkali Metals Limited,ALKALI
Alkem Laboratories Limited,ALKEM
ALKOSIGN LIMITED,ALKOSIGN
"Alkyl Amines Chemicals Ltd.,",ALKYLAMINE
ALLCARGO GATI LIMITED,ACLGATI
Allcargo Logistics Ltd,ALLCARGO
Allcargo Terminals Limited,ATL
Alliance Integrated Metaliks Limited,AIML
Allied Digital Services Limited,ADSL
Allsec Technologies Ltd.,ALLSEC
Almondz Global Securities Limited,ALMONDZ
"Alna Trading & Exports Ltd.,",ALNATRD
Alok Industries Ltd.,ALOKINDS
Alpa Laboratories Limited,ALPA
Alphageo (India)Ltd.,ALPHAGEO
ALPHALOGIC INDUSTRIES LIMITED,ALPHAIND
Alphalogic Techsys Limited,ALPHALOGIC
Alpine Housing Development Corporat,ALPINEHOU
Alps Industries Ltd.,ALPSINDUS
Alstone Textiles (India) Limited,ALSTONE
Alufluoride  Ltd.,ALUFLUOR
Amal Ltd,AMAL
"Amalgamated Electricity Co. Ltd.,",AMALGAM
AMANAYA VENTURES LIMITED,AMANAYA
Amara Raja Energy & Mobility Limited,ARE&M
Amarjothi Spinning Mills Ltd,AMARJOTHI
Amarnath Securities Ltd.,AMARSEC
Amba Enterprises Ltd.,AEL
"Ambalal Sarabhai Enterprise Ltd.,",AMBALALSA
Ambar Protein Industries Limited,AMBARPIL
AMBASSADOR INTRA HOLDINGS LIMITED,AIHL
Amber Enterprises India Limited,AMBER
Ambica Agarbathies & Aroma Ind. Ltd.,AMBICAAGAR
Ambika Cotton Mills Ltd.,AMBIKCO
Ambitious Plastomac Ltd.,AMBIT
AMBO AGRITEC LIMITED,AMBOAGRI
Ambuja Cements Ltd.,AMBUJACEM
Amco India Ltd.,AMCOIND
AMD Industries Ltd,AMDIND
AMERISE BIOSCIENCES LIMITED,AMERISE
"Amforge Industries Ltd.,",AMFORG
Ami Organics Limited,AMIORG
Amic Forging Limited,AMIC
AMIN TANNERY LIMITED,AMINTAN
Amines & Plasticizers Ltd,AMNPLST
Amit International Ltd.,AMITINT
AMJ LAND HOLDINGS LIMITED,AMJLAND
Amrapali Capital and Finance Services Limited,ACFSL
Amrapali Fincap Limited,AMRAFIN
Amrapali Industries Ltd,AMRAPLIN
Amraworld Agrico Ltd.,AMRAAGRI
Amrutanjan Health Care Limited,AMRUTANJAN
AMS POLYMERS LIMITED,AMS
Anand Projects Ltd,ANANDPROJ
Anand Rathi Wealth Limited,ANANDRATHI
Anand Rayons Limited,ARL
Anant Raj Limited,ANANTRAJ
"Andhra Cement Ltd.,",ACL
ANDHRA PAPER LIMITED,ANDHRAPAP
"Andhra Petrochemicals Ltd.,",ANDHRAPET
Andrew Yule & Company Ltd,ANDREWYU
ANG Lifesciences India Limited,ANG
Angel Fibers Limited,ANGEL
ANGEL ONE LIMITED,ANGELONE
Anik Industries Limited,ANIKINDS
Anjani Finance Ltd,ANJANIFIN
Anjani Foods Limited,ANJANIFOODS
Anjani Portland Cement Ltd.,APCL
Anjani Synthetics Limited,ANJANI
Anka India Ltd.,ANKIN
Ankit Metal  & Power Limited,ANKITMETAL
Anmol India Limited,ANMOL
Anna Infrastructures Ltd,ANNAINFRA
ANS Limited,ANSINDUS
"Ansal Buildwell Ltd.,",ANSALBU
ANSAL HOUSING LIMITED,ANSALHSG
"Anshuni Commercials Ltd.,",ANSHNCO
ANTARIKSH INDUSTRIES LIMITED,ANTARIKSH
Antony Waste Handling Cell Limited,AWHCL
"Anuh Pharma Ltd.,",ANUHPHR
ANUPAM FINSERV LIMITED,ANUPAM
Anupam Rasayan India Limited,ANURAS
Anuroop Packaging Limited,ANUROOP
Apar Industries Ltd,APARINDS
Apcotex Industries Limited,APCOTEXIND
APEX CAPITAL AND FINANCE LIMITED,ACFL
Apex Frozen Foods Limited,APEX
Apis India Ltd,APIS
APL Apollo Tubes Limited,APLAPOLLO
Aplab Ltd.,APLAB
"APM Industries Ltd.,",APMIN
"Apollo Finvest (India) Ltd.,",APOLLOFI
"Apollo Hospitals Enterprises Ltd.,",APOLLOHOSP
Apollo Micro Systems Limited,APOLLO
APOLLO PIPES LIMITED,APOLLOPIPE
Apollo Tyres Ltd,APOLLOTYRE
Apoorva Leasing Finance & Investment Company Limited,APOORVA
Apt Packaging Ltd,APTPACK
Aptech Ltd.,APTECHT
Aptus Value Housing Finance India Limited,APTUS
"Aravali Securities & Finance Ltd.,",ARAVALIS
ARC Finance Limited,ARCFIN
Arcee Indusrtries ltd.,ARCEEIN
Archana Software Ltd.,SSLFINANCE
Archean Chemical Industries Limited,ACI
Archidply Decor Limited,ADL
Archidply Industries Limited,ARCHIDPLY
Archies Ltd.,ARCHIES
Archit Organosys Limited,ARCHITORG
ARCL Organics Ltd,ARCL
Arex Industries Ltd.,AREXMIS
Arfin India Limited,ARFIN
"Aries Agro Limited,",ARIES
Arihant Capital Markets Ltd.,ARIHANTCAP
Arihant Foundations & Housing Ltd.,ARIHANT
Arihant Superstructures Limited,ARIHANTSUP
Arihants Securities ltd.,ARISE
Arman Financial Services Limited,ARMANFIN
Arman Holdings Limited,ARMAN
Arnold Holdings Ltd,ARNOLD
Aro Granite Industries Ltd.,AROGRANITE
Arrow Greentech Limited,ARROWGREEN
Arrowhead Seperation Engineering Limited,ARROWHEAD
Arshiya Limited,ARSHIYA
Artefact Projects Ltd,ARTEFACT
Artemis Electricals and Projects Limited,AEPL
Artemis Medicare Services Limited,ARTEMISMED
Aruna Hotels Ltd.,ARUNAHTEL
ARUNIS ABODE LIMITED,ARUNIS
Arunjyoti Bio Ventures Limited ,ABVL
Arvind Fashions Limited,ARVINDFASN
"Arvind Ltd.,",ARVIND
Arvind SmartSpaces Limited,ARVSMART
Aryaman Capital Markets Limited,ARYACAPM
Aryaman Financial Services Ltd.,ARYAMAN
Aryan Share & Stock Brokers Ltd.,ARYAN
Asahi India Glass Ltd.,ASAHIINDIA
Asahi Songwon Colors Ltd.,ASAHISONG
ASARFI HOSPITAL LIMITED,ASARFI
Ashapura Minechem Ltd,ASHAPURMIN
Ashapuri Gold Ornament Limited,AGOL
Ashiana Agro Industries Ltd,ASHAI
Ashiana Housing Limited,ASHIANA
Ashiana Ispat Limited,ASHIS
Ashika Credit Capital Ltd.,ASHIKA
Ashima Ltd,ASHIMASYN
"Ashirwad Capital Ltd.,",ASHCAP
Ashirwad Steels & Industries  Ltd.,ASHSI
Ashish Polyplast Ltd.,ASHISHPO
Ashnisha Industries Limited,ASHNI
Ashnoor Textiles Mills Ltd.,ASHNOOR
Ashok Alco-Chem Ltd.,ASHOKALC
"Ashok Leyland Ltd.,",ASHOKLEY
Ashoka Buildcon Limited,ASHOKA
Ashoka Metcast Limited,ASHOKAMET
Ashoka Refineries Ltd.,ASHOKRE
Ashram Online.com Ltd,ASHRAM
ASI INDUSTRIES LIMITED,ASIIL
ASIA CAPITAL LIMITED,ASIACAP
Asia Pack Ltd.,ASIAPAK
ASIAN ENERGY SERVICES LTD,ASIANENE
ASIAN GRANITO INDIA LIMITED,ASIANTILES
Asian Hotels (East) Limited,AHLEAST
Asian Hotels (North) Limited,ASIANHOTNR
Asian Paints Ltd.,ASIANPAINT
Asian Petroproducts & Exports Ltd.,ASINPET
Asian Star Co. Ltd.,ASTAR
Asian Tea & Exports Ltd.,ASIANTNE
Asian Warehousing Limited,ASIAN
Asit C Mehta Financial Services Limited,ASITCFIN
ASK Automotive Limited,ASKAUTOLTD
ASM Technologies Ltd.,ASMTEC
Aspira Pathlab & Diagnostics Limited,ASPIRA
Assam Entrade Limited,ASSAMENT
Associated Alcohols & Breweries Ltd,ASALCBR
Associated Ceramics Ltd.,ASSOCER
ASTEC LIFESCIENCES LIMITED,ASTEC
Aster DM Healthcare Limited,ASTERDM
Astra Microwave Products Ltd.,ASTRAMICRO
ASTRAL LIMITED,ASTRAL
AstraZeneca Pharma India Ltd.,ASTRAZEN
Astron Paper & Board Mill Limited,ASTRON
Asutosh Enterprise Ltd.,ASUTENT
Atal Realtech Limited,ATALREAL
Atam Valves Limited,ATAM
Atharv Enterprises Limited,ATHARVENT
Athena Constructions Limited,ATHCON
Athena Global Technologies Limited,ATHENAGLO
Atishay Limited,ATISHAY
ATLANTAA LIMITED,ATLANTAA
Atul Auto Limited,ATULAUTO
"Atul Limited.,",ATUL
ATV Projects India Ltd,ATVPR
AU Small Finance Bank Limited,AUBANK
Aurionpro Solutions Ltd.,AURIONPRO
Auro Laboratories Ltd.,AUROLAB
Aurobindo Pharma Ltd.,AUROPHARMA
Aurum PropTech Limited,AURUM
AuSom Enterprise Limited,AUSOMENT
"Austin Engineering Co. Ltd.,",AUSTENG
Authum Investment & Infrastructure Limited,AIIL
Auto Pins (India) Ltd.,AUTOPINS
AUTOLINE INDUSTRIES LTD.,AUTOIND
"Automobile Corpn. of Goa Ltd.,",ACGL
"Automotive Axles Ltd.,",AUTOAXLES
Automotive Stampings and Assemblies Ltd.,ASAL
Autoriders International Ltd,AUTOINT
AVADH SUGAR & ENERGY LIMITED,AVADHSUGAR
Available Finance Ltd.,AVAILFC
Avalon Technologies Limited,AVALON
Avance Technologies Ltd.,AVANCE
Avantel Limited,AVANTEL
Avanti Feeds ltd.,AVANTIFEED
Aveer Foods Limited,AVEER
Avenue Supermarts Limited,DMART
AVG Logistics Limited,AVG
Avi Polymers Ltd.,AVI
AVI PRODUCTS INDIA LIMITED,APIL
Avonmore Capital & Management Services Limited,AVONMORE
Avro India Limited,AVROIND
AVT Natural Products Ltd.,AVTNPL
Axel Polymers Ltd.,AXELPOLY
AXIS Bank Ltd.,AXISBANK
Axis Mutual Fund,AXISTECETF
Axis Mutual Fund,AXISHETF
Axis Mutual Fund,AXISCETF
Axis Mutual Fund,AXISPEGP
AXISCADES TECHNOLOGIES LIMITED,AXISCADES
Axita Cotton Limited,AXITA
Axtel Industries Ltd.,AXTEL
AYM Syntex Limited,AYMSYNTEX
"Ayoki Mercantile Ltd.,",AYOME
Azad Engineering Limited,AZAD
B & A Ltd.,BNALTD
B L Kashyap and Sons Ltd,BLKASHYAP
B-RIGHT REALESTATE LIMITED,BRRL
B.A.G. Films & Media Ltd,BAGFILMS
B.C. Power Controls Limited,BCP
B.N.Rathi Securities Ltd.,BNRSEC
B&A Packaging India Limited,BAPACK
B&B Triplewall Containers Limited,BBTCL
B2B Software Technologies Ltd.,B2BSOFT
Baba Arts Ltd,BABA
Bacil Pharma Ltd.,BACPHAR
Bafna Pharmaceuticals Limited,BAFNAPH
BAID FINSERV LIMITED,BAIDFIN
Bajaj Auto Limited,BAJAJ-AUTO
BAJAJ CONSUMER CARE LIMITED,BAJAJCON
"Bajaj Electricals Ltd.,",BAJAJELEC
Bajaj Finance Limited,BAJFINANCE
Bajaj Finserv Limited,BAJAJFINSV
Bajaj Global Ltd,BAJGLOB
Bajaj Healthcare Limited,BAJAJHCARE
Bajaj Hindusthan Sugar Limited,BAJAJHIND
Bajaj Holdings & Investment Limited,BAJAJHLDNG
"Bajaj Steel Industries Ltd.,",BAJAJST
Bajel Projects Limited,BAJEL
Bal Pharma Ltd.,BALPHARMA
Balaji Amines Ltd.,BALAMINES
Balaji Telefilms Ltd.,BALAJITELE
Balgopal Commercial limited,BALGOPAL
"Balkrishna Industries Ltd.,",BALKRISIND
Balkrishna Paper Mills Ltd,BALKRISHNA
"Balmer Lawrie & Co. Ltd.,",BALMLAWRIE
Balmer Lawrie Investments Ltd.,BLIL
Balrampur Chini Mills Ltd.,BALRAMCHIN
BALU FORGE INDUSTRIES LIMITED,BALUFORGE
Balurghat Technologies Ltd.,BALTE
Bambino Agro Industries Ltd,BAMBINO
Bampsl Securities Ltd.,BAMPSL
Banaras Beads Ltd.,BANARBEADS
Banas Finance Limited,BANASFN
"Banco Products (India) Ltd.,",BANCOINDIA
Bandhan Bank Limited,BANDHANBNK
Bandhan Mutual Fund,IDFSENSEXE
Bang Overseas Ltd,BANG
Bangalore Fort Farms Limited,BFFL
Bank Of Baroda,BANKBARODA
Bank of India,BANKINDIA
Bank of maharashtra,MAHABANK
Bannari Amman Spinning Mills Ltd,BASML
"Bannari Amman Sugars Ltd.,",BANARISUG
Bansal Roofing Products Limited,BRPL
Bansisons Tea Industries Ltd.,BANSTEA
"Banswara Syntex Ltd.,",BANSWRAS
BARAK VALLEY CEMENTS LIMITED,BVCL
BARBEQUE-NATION HOSPITALITY LIMITED,BARBEQUE
Baroda Extrusion Ltd.,BAROEXT
"Baroda Rayon Corpn. Ltd.,",BARODARY
Bartronics India Ltd.,ASMS
"Basant Agro-Tech (India) Ltd.,",BASANTGL
BASF India Ltd,BASF
Bata India Limited,BATAINDIA
Batliboi Ltd,BATLIBOI
Bayer CropScience Limited.,BAYERCROP
Bazel International Limited,BAZELINTER
"BCC Fuba India Ltd.,",BCCFUBA
BCL Enterprises Limited,BCLENTERPR
BCL INDUSTRIES LIMITED,BCLIND
BCPL Railway Infrastructure Limited,BCPL
BDH Industries Ltd.,BDH
BEARDSELL LIMITED,BEARDSELL
Bedmutha Industries Limited,BEDMUTHA
Beekay Niryat Limited,BNL
Beekay Steel Industries Ltd.,BEEKAY
Beeyu Overseas Ltd.,BEEYU
Bella Casa Fashion & Retail Limited,BELLACASA
"Bemco Hydraulics Ltd.,",BEMHY
BEML Land Assets Limited,BLAL
BEML Ltd,BEML
Benara Bearings and Pistons Limited,BENARA
Benares Hotels Ltd,BENARAS
Benchmark Computer Solutions Limited,BENCHMARK
Bengal & Assam Company Limited,BENGALASM
"Bengal Steel Industries Ltd.,",BENGALS
Bengal Tea & fabrics Ltd.,BENGALT
Bentley Commercial Enterprises Ltd.,BENTCOM
Berger Paints India Ltd,BERGEPAINT
Bervin Investments And Leasing Ltd.,BERVINL
Beryl Drugs Ltd.,BERLDRG
Beryl Securities Ltd,BERYLSE
BEST AGROLIFE LIMITED,BESTAGRO
Best Eastern Hotels Limited,BESTEAST
"Betex India Ltd.,",BETXIND
BF Investment Limited,BFINVEST
BF Utilities Ltd.,BFUTILITIE
BFL Asset Finvest Limited,BFLAFL
BGIL Films & Technologies Ltd,BGIL
BGR ENERGY SYSTEMS LIMITED,BGRENERGY
Bhageria Industries Limited,BHAGERIA
Bhagiradha Chemicals and Industries,BHAGCHEM
Bhagwati Autocast Limited,BGWTATO
"Bhagwati Oxygen Ltd.,",BHAGWOX
Bhagyanagar India Limited,BHAGYANGR
Bhakti Gems And Jewellery Limited,BGJL
Bhandari Hosiery Exports Ltd.,BHANDARI
Bhanderi Infracon Limited,BHANDERI
"Bhansali Engineering Polymers Ltd.,",BEPL
Bharat Agri Fert and Realty Ltd,BHARATAGRI
Bharat Bhushan Share & Commodity Brokers Ltd.,BHARAT
"Bharat Bijlee Ltd.,",BBL
Bharat Dynamics Limited,BDL
"Bharat Electronics Ltd.,",BEL
Bharat Forge Ltd,BHARATFORG
"Bharat Gears Ltd.,",BHARATGEAR
"Bharat Heavy Electricals Ltd.,",BHEL
Bharat Immunologicals & Biologicals,BIBCL
Bharat Parenterals Limited,BPLPHARMA
"Bharat Petroleum Corpn. Ltd.,",BPCL
Bharat Rasayan Limited,BHARATRAS
Bharat Road Network Limited,BRNL
Bharat Seats Ltd,BHARATSE
Bharat Wire Ropes Limited,BHARATWIRE
Bharti Airtel  Ltd.,BHARTIARTL
Bhartiya International Ltd.,BIL
Bhaskar Agrochemicals Ltd.,BHASKAGR
Bhatia Colour Chem Limited,BCCL
Bhatia Communications & Retail (India) Limited,BHATIA
Bheema Cements Limited,BHEEMACEM
Bhilwara Spinners Ltd,BHILSPIN
Bhilwara Technical Textiles Limited,BTTL
BHUDEVI INFRA PROJECTS LIMITED,BHUDEVI
Bigbloc Construction Limited,BIGBLOC
Bihar Sponge Iron Ltd,BIHSPONG
Bijoy Hans Ltd,BIJHANS
Bikaji Foods International Limited,BIKAJI
Bilcare Ltd.,BI
Billwin Industries Limited,BILLWIN
Bimetal Bearings Ltd,BIMETAL
Binani Industries Limited,BINANIIND
"Binayak Tex Processors  Ltd.,",ZBINTXPP
Bindal Exports Limited,BINDALEXPO
Biocon Ltd.,BIOCON
Biofil Chemicals & Pharmaceuticals,BIOFILCHEM
BIOGEN PHARMACHEM INDUSTRIES LIMITED,BIOGEN
Birla Cable Limited,BIRLACABLE
Birla Corporation Ltd.,BIRLACORPN
Birla Precision Technologies Ltd,BIRLAPREC
BIRLASOFT LIMITED,BSOFT
Bisil Plast Limited,BISIL
BITS Ltd,BITS
Bizotic Commercial Limited,BIZOTIC
BKM INDUSTRIES LIMITED,BKMINDST
BKV Industries Ltd.,BKV
BLACK BOX LIMITED,BBOX
Black Rose Industries Ltd,BLACKROSE
BLB Limited,BLBLIMITED
Bliss GVS Pharma Limited,BLISSGVS
Bloom Dekor Ltd.,BLOOM
Bloom Industries Ltd,BLOIN
BLS Infotech Limited,BLSINFOTE
BLS International Services Ltd,BLS
Blue Chip India Ltd,BLUECHIP
"Blue Chip Tex Industries Ltd.,",BLUECHIPT
Blue Cloud Softech Solutions Limited,BLUECLOUDS
Blue Coast Hotels Ltd,BLUECOAST
Blue Dart Express Ltd.,BLUEDART
Blue Jet Healthcare Limited,BLUEJET
Blue Star Ltd,BLUESTARCO
BMW INDUSTRIES LIMITED,BMW
BN HOLDINGS LIMITED,BNHOLDINGS
BNR Udyog Ltd.,BNRUDY
Bodal Chemicals Ltd,BODALCHEM
BODHI TREE MULTIMEDIA LIMITED,BTML
"Bombay Burmah Trading Corpn. Ltd.,",BBTC
"Bombay Cycle & Motor Agency Ltd.,",BOMBCYC
"Bombay Dyeing & Mfg. Co. Ltd.,",BOMDYEING
BOMBAY OXYGEN INVESTMENTS LIMITED,BOMOXY-B1
BOMBAY TALKIES LIMITED,BOMTALKIES
"Bombay Wire Ropes Ltd.,",BOMBWIR
Bondada Engineering Limited,BONDADA
BONLON INDUSTRIES LIMITED,BONLON
Borosil Limited,BOROLTD
BOROSIL RENEWABLES LIMITED,BORORENEW
Bosch Ltd,BOSCHLTD
Bothra Metals & Alloys Limited,BMAL
"BPL Ltd.,",BPL
Brady & Morris Engineering Co. Ltd.,BRADYM
BRAHMAPUTRA INFRASTRUCTURE LIMITED,BRAHMINFRA
Brand Concepts Limited,BCONCEPTS
Brandbucket Media & Technology Limited,BRANDBUCKT
Bridge Securities Ltd.,BRIDGESE
Brigade Enterprises Limited,BRIGADE
"Bright Brothers Ltd.,",BRIGHTBR
Bright Outdoor Media Limited,BRIGHT
BRIGHTCOM GROUP LIMITED,BCG
Brijlaxmi Leasing & Finance ltd.,BRIJLEAS
Brilliant Portfolios Ltd.,BRIPORT
"Britannia Industries Ltd.,",BRITANNIA
BROOKS LABORATORIES LIMITED,BROOKS
BSEL ALGO LIMITED,BSELALGO
"BSL Ltd.,",BSL
Burnpur Cement Limited,BURNPUR
Butterfly Gandhimathi Appliances Limited,BUTTERFLY
C.E. Info Systems Limited,MAPMYINDIA
"C.J. Gelatine Products Ltd.,",CJGEL
"Calcom Vision Ltd.,",CALCOM
California Software Co. Ltd.,CALSOFT
Cambridge Technology Enterprises Ltd.,CTE
Camex  Ltd.,CAMEXLTD
Camlin Fine Sciences Ltd,CAMLINFINE
Campus Activewear Limited,CAMPUS
"Can Fin Homes Ltd.,",CANFINHOME
Canara Bank,CANBK
CANDOUR TECHTEX LIMITED,CANDOUR
Canopy Finance Limited,CANOPYFIN
CANTABIL RETAIL INDIA LIMITED,CANTABIL
Capacit'e Infraprojects Limited,CAPACITE
Capfin India Limited,CAPFIN
CAPITAL INDIA FINANCE LIMITED,CIFL
Capital Trade Links Limited,CTL
Capital Trust Ltd.,CAPTRUST
Caplin Point Laboratories Ltd.,CAPLIPOINT
Capri Global Capital Limited,CGCL
"Caprihans India Ltd.,",CAPRIHANS
Caprolactam Chemicals ltd.,CAPRO
Captain Pipes Limited,CAPPIPES
CAPTAIN POLYPLAST LIMITED,CPL
Captain Technocast Limited,CTCL
"Carborundum Universal Ltd.,",CARBORUNIV
CARE Ratings Limited,CARERATING
Career Point Limited,CAREERP
Cargosol Logistics Limited,CARGOSOL
Cargotrans Maritime Limited,CARGOTRANS
Carnation Industries Ltd.,CARNATIN
CarTrade Tech Limited,CARTRADE
CARYSIL LIMITED,CARYSIL
CASPIAN CORPORATE SERVICES LIMITED,CASPIAN
Castrol India Ltd,CASTROLIND
Catvision Limited,CATVISION
CCL International Ltd,CCLINTER
CCL Products (India) Ltd.,CCL
CDG PETCHEM LIMITED,CDG
"Ceat Ltd.,",CEATLTD
Ceejay Finance Limited,CEEJAY
Ceenik Exports (india) Ltd.,CEENIK
Ceeta Industries Ltd.,CEETAIN
CEINSYS TECH LIMITED,CEINSYSTECH
Celebrity Fashions Ltd.,CELEBRITY
CELLA SPACE LIMITED,CELLA
Cello World Limited,CELLO
Cenlub Industries Ltd.,CENLUB
Centenial Surgical Suture Ltd.,CSURGSU
Central Bank of India,CENTRALBK
Centrum Capital Limited,CENTRUM
Centum Electronics Ltd,CENTUM
"Century Enka Ltd.,",CENTENKA
"Century Extrusions Ltd.,",CENTEXT
Century Plyboards (India) Ltd.,CENTURYPLY
"Century Textiles & Industries Ltd.,",CENTURYTEX
Cera Sanitaryware Ltd.,CERA
Cerebra Integrated Technologies Ltd.,CEREBRAINT
CES Limited,CESL
"CESC Limited,",CESC
CFF FLUID CONTROL LIMITED,CFF
CG Power and Industrial Solutions Limited,CGPOWER
Cg-Vak Software & Exports Ltd.,CGVAK
Chadha Papers Ltd.,CHADPAP
Chalet Hotels Limited,CHALET
CHALLANI CAPITAL LIMITED,CHALLANI
Chaman Lal Setia Exports Ltd.,CLSEL
Chambal Breweries & Distilleries Li,CHMBBRW
Chambal Fertilisers & Chemicals Ltd,CHAMBLFERT
Chandni Machines Limited,CHANDNIMACH
Chandra Bhagat Pharma Limited,CBPL
Chandra Prabhu International Ltd.,CHANDRAP
Chandrima Mercantiles limited ,CHANDRIMA
Charms Industries Ltd,CHARMS
Chartered Capital & Investment Ltd.,CHRTEDCA
Chartered Logistics Ltd,CHLOGIST
CHD Chemicals Limited,CHDCHEM
Checkpoint Trends Limited,CHECKPOINT
Chembond Chemicals Ltd.,CHEMBOND
Chemcon Speciality Chemicals Limited,CHEMCON
Chemcrux Enterprises Limited,CHEMCRUX
Chemfab Alkalis Ltd,CHEMFAB
Chemiesynth (Vapi) Limited,CHEMIESYNT
"Chemo Pharma Laboratories Ltd.,",CHEMOPH
Chemplast Sanmar Limited,CHEMPLASTS
CHEMTECH INDUSTRIAL VALVES LIMITED,CHEMTECH
CHENNAI FERROUS INDUSTRIES LIMITED,CHENFERRO
Chennai Meenakshi Multispeciality Hospital Ltd.,CMMHOSP
Chennai Petroleum Corporation Ltd.,CHENNPETRO
Cheviot Co.Ltd.,CHEVIOT
Chitradurga Spintex Ltd.,CHITRTX
CHL Limited,CHLLTD
Choice International Ltd,CHOICEIN
Choksi Imaging Ltd.,CHOKSI
Choksi Laboratories Ltd.,CHOKSILA
CHOLAMANDALAM FINANCIAL HOLDINGS LIMITED,CHOLAHLDNG
Cholamandalam Investment and Finance Company Ltd,CHOLAFIN
Chordia Food Products Ltd,CHORDIA
CHOTHANI FOODS LIMITED,CHOTHANI
"Chowgule Steamships Ltd.,",CHOWGULSTM
CIAN Agro Industries & Infrastructure Limited,CIANAGRO
Cian Healthcare Limited,CHCL
CIE Automotive India Limited,CIEINDIA
Cigniti Technologies Ltd,CIGNITITEC
CIL Nova Petrochemicals Limited,CNOVAPETRO
Cil Securities Ltd.,CILSEC
Cindrella Financial Services Ltd.,CINDRELL
Cindrella Hotels Ltd.,CINDHO
Cineline India Limited,CINELINE
Cinerad Communications Ltd.,CINERAD
Cinevista Limited,CINEVISTA
"Cipla Ltd.,",CIPLA
Citadel Realty And Developers Limited,CITADEL
Citiport Financial Services Ltd.,CITIPOR
Citizen Infoline Ltd.,CIL
CITY CROPS AGRO LIMITED,CCAL
City Online Services Limited,CITYONLINE
City Union Bank Ltd,CUB
Cityman Limited,CITYMAN
CL Educate Limited,CLEDUCATE
CLARA INDUSTRIES LIMITED,CLARA
"Classic Electricals Ltd.,",CLASELE
Classic Filaments Limited,CFL
Classic Leasing & Finance Ltd.,CLFL
Clean Science and Technology Limited,CLEAN
Clio Infotech Ltd.,CLIOINFO
CMS Info Systems Limited,CMSINFO
CNI Research Ltd,CNIRESLTD
Coal India Limited,COALINDIA
Coastal Corporation Limited,COASTCORP
Coastal Roadways Ltd.,COARO
Cochin Malabar Estates & Indus. Ltd,COCHMAL
"Cochin Minerals & Rutile Ltd.,",COCHINM
Cochin Shipyard Limited,COCHINSHIP
Coffee Day Enterprises Limited,COFFEEDAY
COFORGE LIMITED,COFORGE
COLAB CLOUD PLATFORMS LIMITED,COLABCLOUD
"Colgate-Palmolive (India) Ltd.,",COLPAL
Colinz Laboratories ltd.,COLINZ
COLORCHIPS NEW MEDIA LIMITED,COLORCHIPS
Comfort Commotrade Limited,COMCL
COMFORT FINCAP LIMITED,COMFINCAP
Comfort Intech Ltd,COMFINTE
Command Polymers Limited,COMMAND
Commercial Syn Bags Limited,COMSYN
Competent Automobiles Co. Ltd.,COMPEAU
Compuage Infocom Ltd,COMPINFO
Compucom Software Lt.,COMPUSOFT
Computer Age Management Services Limited,CAMS
"Computer Point Ltd.,",COMPUPN
Comrade Appliances Limited,COMRADE
Conart Engineers Ltd.,CONART
Concord Biotech Limited,CONCORDBIO
Concord Control Systems Limited,CNCRD
Concord Drugs Limited,CONCORD
Confidence Finance And Trading Limited,CONFINT
CONFIDENCE FUTURISTIC ENERGETECH LIMITED,CFEL
Confidence Petroleum India Limited,CONFIPET
Consecutive Investments & Trading Company Limited,CITL
CONSTRONICS INFRA LIMITED,CONSTRONIC
CONTAINE TECHNOLOGIES LIMITED,CONTAINE
Container Corporation Of India Ltd.,CONCOR
Contil India Limited,CONTILI
"Continental Chemicals Ltd.,",CONTCHM
Continental Controls Ltd.,CONTICON
"Continental Petroleums Ltd.,",CONTPTR
Continental Securities Limited,CSL
Control Print (India) Ltd.,CONTROLPR
Coral India Finance And Housing Ltd,CORALFINAC
Coral Laboratories Ltd.,CORALAB
Coral Newsprints Ltd.,CORNE
Cords Cable Industries Limited,CORDSCABLE
Coromandel Agro Products & Oils Ltd,CORAGRO
Coromandel International Limited,COROMANDEL
Corporate Merchant Bankers Limited,CMBL
Cosco (India) ltd.,COSCO
Cosmic CRF Limited,COSMICCRF
"Cosmo Ferrites Ltd.,",COSMOFE
Cosmo First Limited,COSMOFIRST
Cospower Engineering Limited,COSPOWER
COSYN Limited,COSYN
Country Club Hospitality & Holidays Ltd,CCHHL
Country Condo's Ltd,COUNCODOS
Craftsman Automation Limited,CRAFTSMAN
Crane Infrastructure Limited,CRANEINFRA
Cranes Software International Ltd.,CRANESSOFT
"Cranex Ltd.,",CRANEX
Cravatex Ltd.,CRAVATEX
Creative Castings Limited,CREATIVE
Creative Eye Ltd.,CREATIVEYE
CREDENT GLOBAL FINANCE LIMITED,CGFL
CreditAccess Grameen Ltd.,CREDITACC
Credo Brands Marketing Limited,MUFTI
Cressanda Solutions Ltd.,CRESSAN
CREST VENTURES LIMITED,CREST
Crestchem Ltd.,CRSTCHM
Crimson Metal Engineering Company Ltd,CRIMSON
CRISIL Ltd.,CRISIL
CROISSANCE LIMITED,CROISSANCE
Crompton Greaves Consumer Electricals Limited,CROMPTON
CROPSTER AGRO LIMITED,CROPSTER
CSB Bank Limited,CSBBANK
CSL Finance Limited,CSLFINANCE
Cubex Tubings Ltd,CUBEXTUB
Cubical Financial Services Ltd.,CUBIFIN
"Cummins India Ltd.,",CUMMINSIND
Cupid Limited,CUPID
Cybele  Industries Limited,CYBELEIND
Cyber Media (India) Ltd.,CYBERMEDIA
Cybertech Systems and Software Ltd.,CYBERTECH
Cyient DLM Limited,CYIENTDLM
Cyient Limited,CYIENT
D & H India Limited,DHINDIA
D B REALTY LIMITED,DBREALTY
D-Link (India) Ltd,DLINKINDIA
D.B.Corp Limited,DBCORP
D.P. WIRES LIMITED,DPWIRES
Dabur India Ltd.,DABUR
Dai-Ichi Karkaria Ltd.,DAICHI
Daikaffil Chemicals India Ltd.,DAIKAFFI
"Dalal Street Investments Ltd.,",DSINVEST
DALMIA BHARAT LIMITED,DALBHARAT
Dalmia Bharat Sugar and Industries Ltd,DALMIASUG
Damodar Industries Limited,DAMODARIND
Danlaw Technologies India Ltd.,DANLAW
DANUBE INDUSTRIES LIMITED,DANUBE
DAPS ADVERTISING LIMITED,DAPS
Darshan Orna Limited,DARSHANORNA
Data Patterns (India) Limited,DATAPATTNS
Datamatics Global Services Limited,DATAMATICS
DATIWARE MARITIME INFRA LIMITED,DATIWARE
Daulat Securities Ltd.,DAULAT
Davangere Sugar Company Limited,DAVANGERE
DB(INTERNATIONAL)Stock Brokers Ltd,DBSTOCKBRO
Dc Infotech and Communication Limited,DCI
DCB Bank Limited,DCBBANK
DCM Financial Services Ltd.,DCMFINSERV
"DCM Ltd.,",DCM
DCM NOUVELLE LIMITED,DCMNVL
"DCM Shriram Industries Ltd.,",DCMSRIND
DCM Shriram Limited,DCMSHRIRAM
"DCW Ltd.,",DCW
DCX Systems Limited,DCXINDIA
DDEV PLASTIKS INDUSTRIES LIMITED,DDEVPLASTIK
De Nora India Limited,DENORA
"Deccan Bearings Ltd.,",DECANBRG
"Deccan Cements Ltd.,",DECCANCE
Deccan Gold Mines Ltd.,DECNGOLD
Deccan Health Care Limited,DECCAN
Decillion Finance Ltd.,DFL
DECIPHER LABS LIMITED,DECIPHER
Deco-Mica Ltd.,DECOMIC
Decorous Investment and Trading Co. Ltd.,DITCO
Deep Diamond India Limited,DDIL
DEEP ENERGY RESOURCES LIMITED,DEEPENR
Deep Industries Limited,DEEPINDS
Deep Polymers Limited,DEEP
DEEPAK CHEMTEX LIMITED,DEEPAKCHEM
Deepak Fertilizers &Petrochemicals,DEEPAKFERT
Deepak Nitrite Limited,DEEPAKNTR
"Deepak Spinners Ltd.,",DEEPAKSP
Delhivery Limited,DELHIVERY
DELPHI WORLD MONEY LIMITED,DELPHIFX
Delta Corp Limited,DELTACORP
Delta Industrial Resources Limited,DELTA
DELTA MANUFACTURING LIMITED ,DELTAMAGNT
"Delton Cables Ltd.,",DLTNCBL
DEN Networks Limited,DEN
Denis Chem Lab Limited,DENISCHEM
Desh Rakshak Aushdhalaya Ltd.,DESHRAK
DEV INFORMATION TECHNOLOGY LIMITED,DEVIT
Dev Labtech Venture Limited,DEVLAB
Devine Impex Limited,DEVINE
"Devinsu Trading Ltd.,",DEVITRD
Devyani International Limited,DEVYANI
Dhabriya Polywood Limited,DHABRIYA
Dhampur Bio Organics Limited,DBOL
"Dhampur Sugar Mills Ltd.,",DHAMPURSUG
Dhampure Speciality Sugars Ltd.,DHAMPURE
Dhanalaxmi Roto Spinners Ltd.,DHANROTO
Dhanashree Electronics Limited,DEL
Dhani Services Limited,DHANI
Dhanlaxmi Bank Limited,DHANBANK
"Dhanlaxmi Cotex Ltd.,",DHANCOT
Dhanlaxmi Fabrics Ltd.,DHANFAB
Dhanuka Agritech Ltd.,DHANUKA
Dhanvantri Jeevan Rekha Ltd.,ZDHJERK
Dharani Finance Ltd.,DHARFIN
Dharmaj Crop Guard Limited,DHARMAJ
DHARNI CAPITAL SERVICES LIMITED,DHARNI
Dhoot Industrial Finance Ltd.,DHOOTIN
DHP India Ltd.,DHPIND
Dhruv Consultancy Services Limited,DHRUV
Dhruva Capital Services Ltd.,DHRUVCA
Dhunseri Investments Ltd,DHUNINV
Dhunseri Tea & Industries Ltd,DTIL
Dhunseri Ventures Limited,DVL
DHYAANI TILE AND MARBLEZ LIMITED,DHYAANI
"Diamines & Chemicals Ltd.,",DIAMINESQ
Diamond Power Infrastructure Limited,DIACABS
Diana Tea Co.Ltd.,DIANATEA
DIC India Ltd,DICIND
Diggi Multitrade Limited,DML
Digicontent Limited,DGCONTENT
DIGIDRIVE DISTRIBUTORS LIMITED,DIGIDRIVE
DIGISPICE TECHNOLOGIES LIMITED,DIGISPICE
DIGJAM LIMITED,DIGJAMLMTD
Diksat Transworld Limited,DIKSAT
Diksha Greens Limited,DGL
Diligent Industries Limited,DILIGENT
Diligent Media Corporation Limited,DNAMEDIA
Dilip Buildcon Limited,DBL
DIPNA PHARMACHEM LIMITED,DPL
Disa India Ltd.,DISAQ
Dish TV India Limited,DISHTV
DISHA RESOURCES LIMITED,DRL
Dishman Carbogen Amcis Limited,DCAL
DIVGI TORQTRANSFER SYSTEMS LIMITED,DIVGIITTS
Divi's Laboratories Ltd.,DIVISLAB
DIVYASHAKTI LIMITED,DIVSHKT
Dixon Technologies (India) Limited,DIXON
DJ Mediaprint & Logistics Limited,DJML
DLF LIMITED,DLF
DMCC SPECIALITY CHEMICALS LIMITED,DMCC
DMR Hydroengineering & Infrastructures Limited,DMR
Dodla Dairy Limited,DODLA
DOLAT ALGOTECH LIMITED,DOLATALGO
Dolfin Rubbers Limited,DOLFIN
Dollar Industries Limited,DOLLAR
Dolphin Offshore Enterprises (India) ltd.,DOLPHIN
DOMS Industries Limited,DOMS
Donear Industries Ltd,DONEAR
DR LALCHANDANI LABS LIMITED,DLCL
Dr. Lal Pathlabs Limited,LALPATHLAB
"Dr. Reddy's Laboratories Ltd.,",DRREDDY
Dr.Agarwals Eye Hospital Ltd.,DRAGARWQ
DRA CONSULTANTS LIMITED,DRA
DRC Systems India Limited,DRCSYSTEMS
DREAMFOLKS SERVICES LIMITED,DREAMFOLKS
"Dredging Corporation of India Ltd.,",DREDGECORP
Droneacharya Aerial Innovations Limited,DRONACHRYA
DSJ KEEP LEARNING LIMITED,KEEPLEARN
DSP Mutual Fund,DSPNEWETF
DSP Mutual Fund,DSPQ50ETF
DSP Mutual Fund,DSPN50ETF
DSP Mutual Fund,DSPBANKETF
DSP Mutual Fund,DSPITETF
DSP Mutual Fund,DSPSENXETF
DSP Mutual Fund,DSPPSBKETF
DSP Mutual Fund,DSPPVBKETF
Ducon Infratechnologies Limited,DUCON
Duke Offshore Ltd.,DUKEOFS
Duncan Engineering Limited,DUNCANENG
Duropack Ltd,DUROPACK
DUROPLY INDUSTRIES LIMITED,DUROPLY
Dutron  Polymers Ltd.,DUTRON
Dwarikesh Sugar Industries Ltd.,DWARKESH
Dynacons Systems & Solutions Ltd.,DSSL
"Dynamatic Technologies Ltd.,",DYNAMATECH
dynamic Archistructures Limited,DAL
Dynamic Cables Limited,DYCL
Dynamic Industries Ltd.,DYNAMIND
Dynamic Protfolio Management & Serv,DYNAMICP
Dynavision Limited,DYNAVSN
Dynemic Products Ltd.,DYNPRO
E-Land Apparel Limited,ELAND
"E.I.D. Parry (India) Ltd.,",EIDPARRY
Earthstahl & Alloys Limited,EARTH
Earum Pharmaceuticals Limited,EARUM
East Buildtech Limited,EASTBUILD
East Coast Steel Ltd,ECSTSTL
EAST WEST HOLDINGS LIMITED,EASTWEST
Eastern Logica Infoway Limited,ELIL
Eastern Silk Industries Limited,EASTSILK
Eastern Treads Ltd.,EASTRED
Easun Capital Markets Limited,EASUN
EASY FINCORP LIMITED,EASYFIN
Easy Trip Planners Limited,EASEMYTRIP
eClerx Services Limited,ECLERX
ECO HOTELS AND RESORTS LIMITED,ECOHOTELS
Eco Recycling Limited,ECORECO
Ecoboard Industries Ltd,ECOBOAR
Econo Trade (India) Limited,ETIL
Ecoplast Ltd.,ECOPLAST
ECS Biztech Limited,ECS
Edelweiss Financial Services Ltd.,EDELWEISS
Educomp Solutions Ltd,EDUCOMP
Edvenswa Enterprises Limited,EDVENSWA
EFC (I) LIMITED,EFCIL
Eicher Motors Ltd.,EICHERMOT
Eighty Jewellers Limited,EIGHTY
"EIH Associated Hotels Ltd.,",EIHAHOTELS
EIH Ltd,EIHOTEL
EIKO LIFESCIENCES LIMITED,EIKO
"EIMCO Elecon India Ltd.,",EIMCOELECO
Ekam Leasing & Finance Co. Ltd.,EKAMLEA
Ekansh Concepts Limited,EKANSH
Ekennis Software Service Limited,EKENNIS
EKI Energy Services Limited,EKI
El Forge Ltd.,ELFORGE
Elango Industries Ltd,ELANGO
Elantas Beck India Ltd,ELANTAS
"Elcid Investments Ltd.,",ELCIDIN
"Eldeco Housing & Ind. Ltd.,",ELDEHSG
"Elecon Engineering Co.Ltd.,",ELECON
Electronics Mart India Limited,EMIL
"Electrosteel Castings Ltd.,",ELECTCAST
Electrotherm (India) Ltd,ELECTHERM
Elegant Floriculture & Agrotech (In,ELEFLOR
Elegant Marbles & Grani Industries,ELEMARB
"Elgi Equipments Ltd.,",ELGIEQUIP
Elin Electronics Limited,ELIN
ELITECON INTERNATIONAL LIMITED,ELITECON
Elixir Capital Limited,ELIXIR
Elnet Technologies Ltd.,ELNET
"Elpro International Ltd.,",ELPROINTL
Ema India Ltd.,EMAINDIA
Emami Ltd,EMAMILTD
Emami Paper Mills Ltd.,EMAMIPAP
EMAMI REALTY LIMITED,EMAMIREAL
Emerald Finance Limited,EMERALD
Emerald Leisures Limited,EMERALL
EMERGENT INDUSTRIAL SOLUTIONS LIMITED,EMERGENT
Emkay Global Financial Services Ltd,EMKAY
Emmbi Industries Limited,EMMBI
Emmessar Biotech & Nutrition Ltd.,EMMESSA
"Empire Industries Ltd.,",EMPIND
Empower India Limited,EMPOWER
EMS LIMITED,EMSLIMITED
eMudhra Limited,EMUDHRA
"Enbee Trade & Finance Ltd.,",ENBETRD
Encash Entertainment Limited,ENCASH
ENCODE PACKAGING INDIA LIMITED,ENCODE
Endurance Technologies Limited,ENDURANCE
Energy Development Company Ltd.,ENERGYDEV
Engineers India Ltd.,ENGINERSIN
Enkei wheels (India) Limited,ENKEIWHEL
Enterprise International Limited,ENTRINT
Entertainment Network (India) Ltd,ENIL
Envair Electrodyne Ltd.,ENVAIREL
EP BIOCOMPOSITES LIMITED,EPBIO
EPIC Energy Ltd.,EPIC
Epigral Limited,EPIGRAL
EPL LIMITED,EPL
Epsom Properties Limited,EPSOMPRO
EQUIPPP SOCIAL IMPACT TECHNOLOGIES LIMITED,EQUIPPP
Equitas Small Finance Bank Limited,EQUITASBNK
Eris Lifesciences Limited,ERIS
Eros International Media Limited,EROSMEDIA
ERP Soft Systems Ltd.,ERPSOFT
Esaar (India) Ltd.,ESARIND
Esab India Ltd.,ESABINDIA
ESAF Small Finance Bank Ltd,ESAFSFB
Escorp Asset Management Limited,ESCORP
Escorts Kubota Limited,ESCORTS
Esha Media Research Limited,ESHAMEDIA
ESPIRE HOSPITALITY LIMITED,ESPIRE
Essar Securities Limited,ESSARSEC
Essar Shipping Ltd,ESSARSHPNG
"Ester Industries Ltd.,",ESTER
ETHOS LIMITED,ETHOSLTD
ETT Limited,ETT
Eureka Forbes Limited,EUREKAFORBE
Eureka Industries Ltd.,EUREKAI
Euro Asia Exports Ltd.,EUROASIA
Euro Leder Fashion Ltd.,EUROLED
Eurotex Industries & Exports Ltd.,EUROTEXIND
EVANS ELECTRIC LIMITED,EVANS
Eveready Industries India Ltd.,EVEREADY
Everest Industries Ltd.,EVERESTIND
Everest Kanto Cylinders Ltd.,EKC
Everest Organics Ltd.,EVERESTO
EVERLON FINANCIALS LIMITED,EVERFIN
EVEXIA LIFECARE LIMITED,EVEXIA
Evoq Remedies Limited,EVOQ
Excel Realty N Infra Limited,EXCEL
"Excell Industries Ltd.,",EXCELINDUS
Exhicon Events Media Solutions Limited,EXHICON
"Exide Industries Ltd.,",EXIDEIND
EXPLEO SOLUTIONS LIMITED,EXPLEOSOL
Explicit Finance Limited,EXPLICITFIN
Expo Gas Containers Ltd.,EXPOGAS
Exxaro Tiles Limited,EXXARO
EYANTRA VENTURES LIMITED,EY
F MEC INTERNATIONAL FINANCIAL SERVICES LIMITED,FMEC
Fabino Life Sciences Limited,FABINO
FACOR Alloys Limited,FACORALL
Fairchem Organics Limited,FAIRCHEMOR
FAMILY CARE HOSPITALS LIMITED,FAMILYCARE
Faze Three Ltd.,FAZE3Q
FCS Software Solutions Ltd.,FCSSOFT
FDC Ltd.,FDC
Fedbank Financial Services Limited,FEDFINA
Federal Bank Ltd.,FEDERALBNK
Federal-Mogul Goetze (India) Ltd,FMGOETZE
FERMENTA BIOTECH LIMITED,FERMENTA
Fertilizers and Chemicals Travancore Limited,FACT
Fervent Synergies Limited,FERVENTSYN
FGP Ltd,FGP
FIBERWEB (INDIA) LTD.,FIBERWEB
FIEM INDUSTRIES LIMITED,FIEMIND
Filatex Fashions Ltd,FILATFASH
Filatex India Ltd.,FILATEX
Filtra Consultants and Engineers Limited,FILTRA
Fine Organic Industries Limited,FINEORG
Fine-line Circuits Ltd.,FINELINE
Fineotex Chemical Limited,FCL
Finkurve Financial Services Limited,FINKURVE
Fino Payments Bank Limited,FINOPB
"Finolex Cables Ltd.,",FINCABLES
Finolex Industries Ltd.,FINPIPE
"First Custodian Fund (India) Ltd.,",1STCUS
FIRST FINTEC LIMITED,FIRSTFIN
Firstsource Solutions Ltd.,FSL
Fischer Chemic Ltd.,FISCHER
Five-Star Business Finance Ltd.,FIVESTAR
Flair Writing Industries Limited,FLAIR
"Flex Foods Ltd.,",FLEXFO
FLEXITUFF VENTURES INTERNATIONAL LIMITED,FLEXITUFF
FLOMIC GLOBAL LOGISTICS LIMITED,FLOMIC
Flora Corporation Limited,FLORACORP
Flora Textiles Ltd.,FLORATX
"Fluidomat Ltd.,",FLUIDOM
Focus Business Solution Limited,FOCUS
Fone4 Communications (India) Limited,FONE4
Foods & Inns Ltd.,FOODSIN
Forbes & Company Ltd,FORBESCO
Force Motors Limited,FORCEMOT
Fortis Healthcare Ltd,FORTIS
Fortis Malar Hospitals Limited,FORTISMLR
Fortune International Ltd.,FORINTL
Foseco India Ltd,FOSECOIND
Foundry Fuel Products Ltd.,FFPL
Franklin Industries Limited,FRANKLININD
Franklin Leasing and Finance Limited,FRANKLIN
Fraser And Company Limited,FRASER
Fredun Pharmaceuticals Limited,FREDUN
Freshtrop Fruits Ltd.,FRSHTRP
Frontier Capital Limited,FRONTCAP
Frontier Springs Ltd.,FRONTSP
Frontline Corporation Limited,FRONTCORP
Fruition Venture Limited,FRUTION
FSN E-Commerce Ventures Limited,NYKAA
FUNDVISER CAPITAL (INDIA) LIMITED,FUNDVISER
Fusion Micro Finance Limited,FUSION
Future Consumer Limited,FCONSUMER
Future Enterprises Limited,FELDVR
Future Lifestyle Fashions Limited,FLFL
Future Market Networks Limited,FMNL
Future Supply Chain Solutions Limited,FSC
Futuristic Securities Ltd,FUTURSEC
Futuristic Solutions Ltd.,FUTSOL
G G Engineering Limited,GGENG
G M Polyplast Limited,GMPL
G N A Axles Limited,GNA
G R Infraprojects Limited,GRINFRA
G. G. Dandekar Properties Limited,GGDPROP
G. K. P. Printing & Packaging Limited,GKP
"G.D. Trading & Agencies Ltd.,",GDTRAGN
G.G.Automotive Gears Ltd.,GGAUTO
G.k.Consultants Ltd.,GKCONS
G.M. Breweries Ltd.,GMBREW
"G.S. Auto International Ltd.,",GSAUTO
"G.V. Films  Ltd.,",GVFILM
Gabriel India Ltd.,GABRIEL
GACM Technologies Limited,GATECH
GACM Technologies Limited,GATECHDVR
"Gaekwar Mills Ltd.,",ZGAEKWAR
Gagan Gases Ltd.,GAGAN
Gail (India) Ltd.,GAIL
Gajanan Securities Services Ltd.,GAJANANSEC
Gala Global Products Limited,GGPL
Galactico Corporate Services Limited,GALACTICO
Galada Finance Limited,GALADAFIN
Galaxy Agrico Exports Ltd.,GALAGEX
Galaxy Bearings Ltd.,GALXBRG
GALAXY CLOUD KITCHENS LIMITED,GCKL
Galaxy Surfactants Limited,GALAXYSURF
GALLANTT ISPAT LIMITED,GALLANTT
Gallops Enterprise  Limited,GALLOPENT
Gandhar Oil Refinery (India) Limited,GANDHAR
"Gandhi Special Tubes Ltd.,",GANDHITUBE
"Ganesh Benzoplast Ltd.,",GANESHBE
Ganesh Films India Limited,GFIL
"Ganesh Holding Ltd.,",GANHOLD
Ganesh Housing Corporation Ltd.,GANESHHOUC
Ganesha Ecosphere Limited,GANECOS
GANESHA ECOVERSE LIMITED,GANVERSE
Ganga Papers India Ltd,GANGAPA
Ganga Pharmaceuticals Limited,GANGAPHARM
Ganges Securities Ltd.,GANGESSECU
Ganon Products Limited,GANONPRO
Garbi Finvest Limited,GARBIFIN
Garden Reach Shipbuilders & Engineers Limited,GRSE
Garg Furnace Ltd.,GARGFUR
GARMENT MANTRA LIFESTYLE LIMITED,GARMNTMNTR
"Garnet Construction Ltd.,",GARNET
Garnet International Limited,GARNETINT
Garodia Chemicals Ltd.,GARODCH
GARWARE HI-TECH FILMS LIMITED,GRWRHITECH
"Garware Marine Industries Ltd.,",GARWAMAR
Garware Synthetics Ltd.,GARWSYN
GARWARE TECHNICAL FIBRES LIMITED,GARFIBRES
Gateway Distriparks Limited,GATEWAY
Gautam Exim Limited,GEL
Gautam Gems Limited,GGL
Gayatri BioOrganics Ltd,GAYATRIBI
GAYATRI HIGHWAYS LTD,GAYAHWS
Gayatri Sugars Ltd.,GAYATRI
GCM Capital Advisors Limited,GCMCAPI
GCM Commodity & Derivatives Limited,GCMCOMM
GCM Securities Limited,GCMSECU
GDL Leasing & Finance ltd.,GDLLEAS
GE Power India Limited,GEPIL
GE T&D India Limited,GET&D
GEE Ltd.,GEE
GeeCee Ventures Limited,GEECEE
Gem Spinners India Ltd,GEMSPIN
Gemstone Investments Ltd.,GEMSI
General Insurance Corporation of India,GICRE
Generic Engineering Construction and Projects Limited,GENCON
GENESIS IBRC INDIA LIMITED,GENESIS
Genesys International Corporation Ltd.,GENESYS
Gennex Laboratories Ltd,GENNEX
GENOMIC VALLEY BIOTECH LIMITED,GVBL
GENPHARMASEC LIMITED,GENPHARMA
Gensol Engineering Limited,GENSOL
GENUS PAPER & BOARDS LIMITED,GENUSPAPER
Genus Power Infrastructures Ltd,GENUSPOWER
GENUS PRIME INFRA LIMITED,GENUSPRIME
Geojit Financial Services Limited,GEOJITFSL
Getalong Enterprise Limited,GETALONG
GFL LIMITED,GFLLIMITED
GHCL Ltd.,GHCL
GHCL Textiles Limited,GHCLTEXTIL
Gian Life Care Limited,GIANLIFE
GIC Housing Finance Ltd.,GICHSGFIN
Gilada Finance & Investments Ltd.,GILADAFINS
Gillanders Arbuthnot & Co. Ltd.,GILLANDERS
Gillette India Ltd.,GILLETTE
Gini Silk Mills Ltd.,GINISILK
Ginni Filaments Ltd.,GINNIFILA
GITA RENEWABLE ENERGY LIMITED,GITARENEW
GKB Ophthalmics Ltd.,GKB
Glance Finance Ltd.,GLANCE
Gland Pharma Limited,GLAND
GlaxoSmithkline Pharmaceuticals Ltd.,GLAXO
Glenmark Life Sciences Limited,GLS
Glenmark Pharmaceuticals ltd,GLENMARK
Glittek Granites Ltd.,GLITTEKG
Global Capital Markets Ltd.,GLOBALCA
Global Health Limited,MEDANTA
Global Longlife Hospital and Research Limited,GLHRL
Global Offshore Services Ltd,GLOBOFFS
Global Surfaces Limited,GSLSU
Global Vectra Helicorp Ltd.,GLOBALVECT
GlobalSpace Technologies Limited,GSTL
Globe Commercials Limited,GLCL
Globus Constructors & Developers Limited,GLOBUSCON
Globus Spirits Limited,GLOBUSSPR
Gloster Ltd,GLOSTERLTD
GMM Pfaudler Ltd.,GMMPFAUDLR
GMR AIRPORTS INFRASTRUCTURE LIMITED,GMRINFRA
GMR Power and Urban Infra Limited,GMRP&UI
Go Fashion (India) Limited,GOCOLORS
"Goa Carbon Ltd.,",GOACARBON
GOBLIN INDIA LIMITED,GOBLIN
GOCL Corporation Limited,GOCLCORP
Godavari Drugs Ltd.,GODAVARI
GODAWARI POWER AND ISPAT LTD.,GPIL
"Godfrey Phillips India Ltd.,",GODFRYPHLP
Godrej Agrovet Limited,GODREJAGRO
Godrej Consumer Products Ltd.,GODREJCP
Godrej Industries Ltd.,GODREJIND
Godrej Properties Limited,GODREJPROP
Goel Food Products Limited,GOEL
Goenka Business & Finance Limited,GBFL
Gogia Capital Services Limited,GOGIACAP
GOKAK TEXTILES LTD.,GOKAKTEX
Gokaldas Exports Ltd,GOKEX
Gokul Agro Resources Ltd,GOKULAGRO
Gokul Refoils and Solvent Limited,GOKUL
Gold Line International Finvest Limited,GOLDLINE
"Gold Rock Investments Ltd.,",ZGOLDINV
GoldCoin Health Foods Limited,GOLDCOINHF
Golden Crest Education & Services Limited,GOLDENCREST
Golden Tobacco Ltd.,GOLDENTOBC
Goldiam International Ltd.,GOLDIAM
Goldstone Technologies Ltd.,GOLDTECH
Golechha Global Finance Ltd.,GOLECHA
Golkonda Aluminium Extrusions Ltd,GOLKONDA
Golkunda Diamonds & Jewellery Ltd.,GOLKUNDIA
Goodluck India Limited,GOODLUCK
"Goodricke Group Ltd.,",GOODRICKE
"Goodyear India Ltd.,",GOODYEAR
Gopal Iron & Steels Co.(Gujarat) Lt,GOPAIST
Gorani Industries Ltd.,GORANIN
Gothi Plascon (India) Ltd.,GOTHIPL
Gowra Leasing & Finance Ltd.,GOWRALE
GOYAL ALUMINIUMS LIMITED,GOYALALUM
Goyal Associates Ltd.,GOYALASS
GP Petroleums Limited,GULFPETRO
GPT Infraprojects limited,GPTINFRA
Granules India Ltd.,GRANULES
Graphite India Ltd.,GRAPHITE
"Grasim Industries Ltd.,",GRASIM
Gratex Industries Ltd.,GRATEXI
"Grauer & Weil (India) Ltd.,",GRAUWEIL
Graviss Hospitality Ltd,GRAVISSHO
GRAVITA INDIA LIMITED,GRAVITA
Gravity (India) Ltd.,GRAVITY
"Great Eastern Shipping Co. Ltd.,",GESHIP
Greaves Cotton Ltd.,GREAVESCOT
Greencrest Financial Services Limited,GREENCREST
Greenlam Industries Ltd,GREENLAM
Greenpanel Industries Limited,GREENPANEL
Greenply Industries Ltd,GREENPLY
Gretex Corporate Services Limited,GCSL
Grindwell Norton Ltd.,GRINDWELL
GRM Overseas Ltd.,GRMOVER
Grovy India Limited,GROVY
GROWINGTON VENTURES INDIA LIMITED,GROWINGTON
GRP Limited,GRPLTD
GSB Finance Ltd.,GSBFIN
GSL Securities Ltd.,GSLSEC
GSS Infotech Ltd,GSS
GTL Infrastructure Limited,GTLINFRA
GTL Ltd,GTL
GTN Industries Limited,GTNINDS
GTN Textiles Ltd. (formerly known as GTN Industries Ltd.),GTNTEX
GTPL Hathway Limited,GTPL
GTV Engineering Limited,GTV
Gufic BioSciences Ltd.,GUFICBIO
"Gujarat Alkalis & Chemicals Ltd.,",GUJALKALI
Gujarat Ambuja Exports Ltd.,GAEL
Gujarat Apollo Industries Ltd.,GUJAPOLLO
Gujarat Containers Ltd.,GUJCONT
Gujarat Cotex Ltd,GUJCOTEX
Gujarat Craft Industries Ltd.,GUJCRAFT
Gujarat Credit Corporation Ltd.,GUJCRED
Gujarat Fluorochemicals Limited,FLUOROCHEM
Gujarat Gas Limited,GUJGASLTD
Gujarat Hotels Ltd.,GUJHOTE
Gujarat Hy-Spin Limited,GUJHYSPIN
Gujarat Industries Power Co. Ltd,GIPCL
Gujarat Inject (Kerala) Ltd.,GUJINJEC
Gujarat Intrux Limited,GUJINTRX
"Gujarat Investa Ltd.,",GUJINV
"Gujarat Lease Financing Limited,",GLFL
Gujarat Mineral Development Corpora,GMDCLTD
Gujarat Narmada Valley Fert.Co.Ltd,GNFC
Gujarat Natural Resources Limited,GNRL
Gujarat Petrosynthese Ltd.,GUJPETR
Gujarat Pipavav Port Limited,GPPL
Gujarat Poly Electronics Limited,GUJARATPOLY
"Gujarat Raffia Ind. Ltd.,",GUJRAFFIA
Gujarat State Fertilizers & Chem.Ltd,GSFC
Gujarat State Financial corporation,GUJSTATFIN
Gujarat State Petronet Ltd.,GSPL
Gujarat Terce Laboratories Ltd,GUJTERC
Gujarat Themis Biosyn Ltd.,GUJTHEM
Gujarat Toolroom Ltd.,GUJTLRM
"Gujchem Distillers India Ltd.,",GUJCMDS
Gulf Oil Lubricants India Limited,GULFOILLUB
Gulshan Polyols Ltd.,GULPOLY
GVK Power & Infrastructure Ltd,GVKPIL
Gyan Developers & Builders Ltd.,GYANDEV
H.G. Infra Engineering Limited,HGINFRA
"H.P. Cotton Textile Mills Ltd.,",HPCOTTON
H.S.India Ltd.,HOTLSILV
Halder Venture Limited,HALDER
Haldyn Glass Limited,HALDYNGL
HAMPTON SKY REALTY LIMITED,HAMPTON
Happiest Minds Technologies Limited,HAPPSTMNDS
Happy Forgings Limited,HAPPYFORGE
"Hardcastle & Waud Mfg. Co. Ltd.,",HARDCAS
HARDWYN INDIA LIMITED,HARDWYN
Hari Govind International Ltd.,HARIGOV
Haria Apparels Limited,HARIAAPL
Haria Exports Ltd.,HARIAEXPO
Hariom Pipe Industries Limited,HARIOMPIPE
Harish Textile Engineers Limited,HARISH
Hariyana Ship Breakers Ltd.,HRYNSHP
HARIYANA VENTURES LIMITED,HVL
Harmony Capital Services Ltd.,HRMNYCP
"Harrisons Malayalam Ltd.,",HARRMALAYA
Harsha Engineers International Limited,HARSHA
HARSHIL AGROTECH LIMITED,HARSHILAGR
Haryana Capfin Ltd.,HARYNACAP
"Haryana Leather Chemicals Ltd.,",HARLETH
Has Lifestyle Limited,HASJUICE
Hasti Finance Ltd.,HASTIFIN
Hathway Bhawani Cabletel & Datacom,HATHWAYB
Hathway Cable & Datacom Limited,HATHWAY
Hatsun Agro Products Ltd.,HATSUN
Havells India Limited,HAVELLS
Hawa Engineers ltd.,HAWAENG
Hawkins Cooker Ltd.,HAWKINCOOK
Hazoor Multi Projects Limited,HAZOOR
HB Estate Developers Ltd.,HBESD
"HB Leasing & Finance Co. Ltd.,",HBLEAS
HB Portfolio Ltd.,HBPOR
HB Stockholdings Ltd.,HBSL
HBL Power Systems Ltd.,HBLPOWER
HCL Infosystems Ltd,HCL-INSYS
HCL Technologies Ltd,HCLTECH
HCP PLASTENE BULKPACK LIMITED,HPBL
HDFC Asset Management Company Limited,HDFCAMC
HDFC Bank Ltd.,HDFCBANK
HDFC LIFE INSURANCE COMPANY LIMITED,HDFCLIFE
HDFC Mutual Fund,HDFCNIFTY
HDFC Mutual Fund,HDFCSENSEX
HDFC Mutual Fund,HDFCNIFBAN
HDFC Mutual Fund,HDFCNIF100
HDFC Mutual Fund,HDFCNEXT50
HDFC Mutual Fund,HDFCQUAL
HDFC Mutual Fund,HDFCGROWTH
HDFC Mutual Fund,HDFCVALUE
HDFC Mutual Fund,HDFCLOWVOL
HDFC Mutual Fund,HDFCMOMENT
HDFC Mutual Fund,HDFCNIFIT
HDFC Mutual Fund,HDFCPVTBAN
HDFC Mutual Fund,HDFCBSE500
HDFC Mutual Fund,HDFCSML250
HDFC Mutual Fund,HDFCMID150
Heads UP Ventures Limited,HEADSUP
HealthCare Global Enterprises Limited,HCG
"Healthy Investments Ltd.,",HEALINV
HEALTHY LIFE AGRITEC LIMITED,HEALTHYLIFE
Heera Ispat Ltd.,HEERAISP
HEG Ltd.,HEG
HeidelbergCement  India Limited,HEIDELBERG
Helpage Finlease Ltd.,HELPAGE
"HEM Holdings and Trading Ltd.,",ZHEMHOLD
Hemadri Cements Limited,HEMACEM
Hemang Resources Limited,HEMANG
Hemant Surgical Industries Limited,HSIL
Hemisphere Properties India Limited,HEMIPROP
Heranba Industries Limited,HERANBA
"Hercules Hoists Ltd.,",HERCULES
Heritage Foods Limited,HERITGFOOD
Hero MotoCorp Limited,HEROMOTOCO
Hester Biosciences Ltd,HESTERBIO
Heubach Colorants India Limited,HEUBACHIND
Hexa Tradex Limited,HEXATRADEX
HFCL LIMITED,HFCL
Hi-Klass Trading and Investment Limited,HIKLASS
HI-TECH PIPES LIMITED,HITECH
"High Energy Batteries (India) Ltd.,",HIGHENE
High Street Filatex Limited,HIGHSTREE
Hikal Ltd.,HIKAL
HIL Limited,HIL
HILIKS TECHNOLOGIES LIMITED,HILIKS
HILTON METAL FORGING LIMITED,HILTON
HIM TEKNOFORGE LIMITED,HIMTEK
"Himachal Fibres Ltd.,",HIMFIBP
Himadri Speciality Chemical Ltd.,HSCL
HIMALAYA FOOD INTERNATIONAL LIMITED,HFIL
"Himatsingka Seide Ltd.,",HIMATSEIDE
HIND ALUMINIUM INDUSTRIES LTD.,HINDALUMI
HIND COMMERCE LIMITED,HCLTD
"Hind Rectifiers Ltd.,",HIRECT
Hindalco Industries Ltd.,HINDALCO
Hindoostan Mills Ltd.,HINDMILL
HINDPRAKASH INDUSTRIES LIMITED,HPIL
Hinduja Global Solutions Limited,HGS
Hindustan Adhesives Ltd.,HINDADH
Hindustan Aeronautics Limited,HAL
Hindustan Agrigenetics Ltd.,HINDUST
Hindustan Appliances Ltd,HINDAPL
Hindustan Bio Sciences Ltd.,HINDBIO
Hindustan Composites Ltd,HINDCOMPOS
"Hindustan Construction Co. Ltd.,",HCC
Hindustan Copper Ltd.,HINDCOPPER
"Hindustan Flurocarbons Ltd.,",HINFLUR
"Hindustan Foods Ltd.,",HNDFDS
HINDUSTAN HARDY LIMITED,HINDHARD
"Hindustan Housing Co. Ltd.,",ZHINDHSG
Hindustan Media Ventures Limited,HMVL
"Hindustan Motors Ltd.,",HINDMOTORS
Hindustan Oil Exploration Co. Ltd.,HINDOILEXP
"Hindustan Organic Chemicals Ltd.,",HOCL
Hindustan Petroleum Corporation Ltd,HINDPETRO
Hindustan Tin Works Ltd.,HINDTIN
"Hindustan Unilever Ltd.,",HINDUNILVR
"Hindustan Zinc Ltd.,",HINDZINC
Hindusthan Udyog Ltd,ZHINUDYP
HINDUSTHAN URBAN INFRASTRUCTURE LIMITED,HUIL
Hindware Home Innovation Limited,HINDWAREAP
Hipolin Ltd.,HIPOLIN
Hira Automobiles Ltd.,HIRAUTO
Hisar Metal Industries Ltd.,HISARMETAL
Hisar Spinning Mills Ltd,HISARSP
Hit Kit Global Solutions Ltd,HITKITGLO
HITACHI ENERGY INDIA LIMITED,POWERINDIA
Hitech Corporation Limited,HITECHCORP
Hittco Tools Ltd.,HITTCO
HLE GLASCOAT LIMITED,HLEGLAS
HLV LIMITED,HLVLTD
HMA Agro Industries Limited,HMAAGRO
HMT Limited,HMT
Home First Finance Company India Limited,HOMEFIRST
Honasa Consumer Limited,HONASA
HONDA INDIA POWER PRODUCTS LIMITED,HONDAPOWER
Honeywell Automation India Ltd.,HONAUT
Housing &Urban Development Corporation Ltd.,HUDCO
HOV Services Limited,HOVS
Howard Hotels Limited,HOWARHO
HP Adhesives Limited,HPAL
HPL Electric & Power Limited,HPL
HT Media Ltd,HTMEDIA
Hubtown Limited,HUBTOWN
HUHTAMAKI INDIA LIMITED,HUHTAMAKI
Humming Bird Education Limited,HBEL
HYBRID FINANCIAL SERVICES LIMITED,HYBRIDFIN
HYPERSOFT TECHNOLOGIES LIMITED,HYPERSOFT
IB Infotech Enterprises Ltd,IBINFO
"ICDS Ltd.,",ICDSLTD
ICICI Bank Ltd.,ICICIBANK
ICICI Lombard General Insurance Company Limited ,ICICIGI
ICICI Prudential Life Insurance Company Limited,ICICIPRULI
ICICI Prudential Mutual Fund,NIFTYIETF
ICICI Prudential Mutual Fund,NIF100IETF
ICICI Prudential Mutual Fund,NV20IETF
ICICI Prudential Mutual Fund,MIDSELIETF
ICICI Prudential Mutual Fund,LOWVOLIETF
ICICI Prudential Mutual Fund,ICICIB22
ICICI Prudential Mutual Fund,BSE500IETF
ICICI Prudential Mutual Fund,NEXT50IETF
ICICI Prudential Mutual Fund,BANKIETF
ICICI Prudential Mutual Fund,PVTBANIETF
ICICI Prudential Mutual Fund,MIDCAPIETF
ICICI Prudential Mutual Fund,ALPL30IETF
ICICI Prudential Mutual Fund,ITIETF
ICICI Prudential Mutual Fund,HEALTHIETF
ICICI Prudential Mutual Fund,FMCGIETF
ICICI Prudential Mutual Fund,CONSUMIETF
ICICI Prudential Mutual Fund,AUTOIETF
ICICI Prudential Mutual Fund,MOM30IETF
ICICI Prudential Mutual Fund,INFRAIETF
ICICI Prudential Mutual Fund,FINIETF
ICICI Prudential Mutual Fund,COMMOIETF
ICICI Prudential Mutual Fund,PSUBNKIETF
ICICI Prudential Mutual Fund,QUAL30IETF
ICICI Prudential Mutual Fund,SENSEXIETF
ICICI Securities Limited,ISEC
ICL Organic Dairy Products Limited,ICLORGANIC
ICRA Limited,ICRA
ID INFO BUSINESS SERVICES LTD.,IDINFO
IDBI Bank Ltd,IDBI
IDEAFORGE TECHNOLOGY LIMITED,IDEAFORGE
IDFC FIRST BANK LIMITED,IDFCFIRSTB
IDFC LIMITED,IDFC
IEL LIMITED,INDXTRA
IFB Agro Industries Ltd,IFBAGRO
IFB Industries Limited,IFBIND
IFCI Ltd.,IFCI
IFGL Refractories Limited,IFGLEXPOR
IFL ENTERPRISES LIMITED,IFL
IG Petrochemicals Ltd,IGPL
Igarashi Motors India Ltd.,IGARASHI
IGC Industries Limited,IGCIL
IIFL FINANCE LIMITED ,IIFL
IIFL Securities Limited,IIFLSEC
IITL PROJECTS LIMITED,IITLPROJ
IKIO Lighting Limited,IKIO
IL & FS Investment Managers Ltd.,IVC
IL&FS Engineering and Construction Company Ltd,IL&FSENGG
IL&FS Transportation Networks Limited,IL&FSTRANS
IM+ Capitals Limited,IMCAP
IMAGICAAWORLD ENTERTAINMENT LIMITED,IMAGICAA
Impex Ferro tech Ltd.,IMPEXFERRO
Inani Marbles & Industries Ltd.,INANI
Inani Securities Ltd.,INANISEC
Incap Ltd,INCAP
Incon Engineers Ltd.,INCON
INCREDIBLE INDUSTRIES LIMITED,INCREDIBLE
Ind Bank Housing Ltd,INDBNK
Ind-Swift Laboratories Ltd.,INDSWFTLAB
Ind-Swift Ltd.,INDSWFTLTD
"Indag Rubber Ltd.,",INDAG
Indbank Merchant Banking Services L,INDBANK
Indergiri Finance ltd.,INDERGR
India Cements Capital Limited,INDCEMCAP
"India Cements Ltd.,",INDIACEM
India Finsec Limited,IFINSEC
India Gelatine & Chemicals Ltd.,INDGELA
India Glycols Ltd,INDIAGLYCO
India Home Loan Limited,INDIAHOME
"India Lease Devl. Ltd.,",INDLEASE
INDIA MOTOR PARTS & ACCESSORIES LTD,IMPAL
India Nippon Electricals Ltd,INDNIPPON
India Nivesh Limited,INDIANVSH
India Pesticides Limited,IPL
"India Radiators Ltd.,",INRADIA
India Shelter Finance Corporation Limited,INDIASHLTR
India Steel Works Ltd,ISWL
India Tourism Development Corporati,ITDC
Indiabulls Enterprises Limited,IEL
INDIABULLS HOUSING FINANCE LIMITED,IBULHSGFIN
Indiabulls Real Estate Limited,IBREALEST
IndiaMART InterMESH Limited,INDIAMART
Indian Acrylics Ltd,INDIANACRY
Indian Bank,INDIANB
"Indian Bright Steel Co. Ltd.,",IBRIGST
Indian Card Clothing Ltd,INDIANCARD
Indian Energy Exchange Limited,IEX
Indian Hotels Co. Ltd,INDHOTEL
"Indian Hume Pipe Co. Ltd.,",INDIANHUME
"Indian Infotech And Software Ltd.,",INDINFO
Indian Metals & Ferro Alloys Limited,IMFA
Indian Oil Corporation Ltd.,IOC
Indian Overseas Bank,IOB
Indian Railway Catering & Tourism Corporation Ltd,IRCTC
Indian Railway Finance Corporation,IRFC
Indian Renewable Energy Development Agency Limited,IREDA
Indian Sucrose Ltd.,INDSUCR
Indian Terrain Fashions Limited,INDTERRAIN
"Indian Toners & Developers Ltd.,",INDTONER
Indigo Paints Limited,INDIGOPNTS
Inditrade Capital Limited,INDICAP
Indo Amines Ltd.,INDOAMIN
"Indo Borax & Chemicals Ltd.,",INDOBORAX
Indo Cotspin Limited,ICL
Indo Count Industries Ltd,ICIL
Indo Euro Indchem Limited,INDOEURO
"Indo Gulf Industries  Ltd.,",IGLFXPL-B
Indo National Limited,NIPPOBATRY
"Indo Rama Synthetics (India) Ltd.,",INDORAMA
Indo Tech Transformers Limited,INDOTECH
Indo Thai Securities Limited,INDOTHAI
Indo US Bio-Tech Limited,INDOUS
Indo-City Infotech Ltd.,INDOCITY
Indoco Remedies Ltd.,INDOCO
Indokem Ltd,INDOKEM
INDONG TEA COMPANY LIMITED,INDONG
IndoStar Capital Finance Limited,INDOSTAR
Indowind Energy Ltd.,INDOWIND
Indra Industries Ltd.,INDRAIND
Indraprashtha Gas Ltd.,IGL
Indraprastha Medical Corporation Lt,INDRAMEDCO
Indrayani Biotech Ltd.,INDRANIB
Indsil Hydro Power and Manganese Limited,INDSILHYD
Indsoya Limited,INDSOYA
Inducto Steels ltd.,INDCTST
Indus Finance Limited,INDUSFINL
INDUS TOWERS LIMITED,INDUSTOWER
IndusInd Bank Ltd.,INDUSINDBK
Industrial & Prudential Inv. Co. Lt,INDPRUD
"Industrial Investment Trust Ltd.,",IITL
Inertia Steel Limited,INERTIAST
INFIBEAM AVENUES LIMITED,INFIBEAM
Inflame Appliances Limited,INFLAME
Info Edge(India) Ltd.,NAUKRI
InfoBeans Technologies Limited,INFOBEAN
Infomedia Press Limited,INFOMEDIA
Informed Technologies India Ltd.,INFORTEC
Infosys Ltd,INFY
INFRONICS SYSTEMS LIMITED,INFRONICS
Ingersoll-Rand (India) Ltd.,INGERRAND
Inland Printers Ltd.,INLANPR
Innocorp Limited,INNOCORP
INNOKAIZ INDIA LIMITED,INNOKAIZ
INNOVA CAPTAB LIMITED,INNOVACAP
Innovassynth Investments Limited,INOVSYNTH
Innovative Ideals and Services (India) Limited,INNOVATIVE
Innovative Tech Pack Ltd,INNOVTEC
Innovators Facade Systems Limited,INNOVATORS
Innovatus Entertainment Networks Limited,INNOVATUS
INOX GREEN ENERGY SERVICES LIMITED,INOXGREEN
INOX India Limited,INOXINDIA
Inox Wind Energy Limited,IWEL
Inox Wind Limited,INOXWIND
Insecticides India Ltd.,INSECTICID
INSOLATION ENERGY LIMITED,INA
Inspirisys Solutions Limited,INSPIRISYS
Intec Capital Limited,INTECCAP
INTEGRA CAPITAL LIMITED,INTCAPL
Integra Engineering India Ltd.,INTEGRAEN
Integra Essentia Limited,ESSENTIA
Integra Switchgear Ltd.,INTEGSW
Integra Telecommunication & Software Limited,INTELSOFT
Integrated Capital Services Ltd,ICSL
Integrated Hi-tech ltd.,INTEGHIT
INTEGRATED INDUSTRIES LIMITED,IIL
Integrated Proteins Ltd.,INTEGFD
INTELLECT DESIGN ARENA LIMITED,INTELLECT
Intellivate Capital Ventures Limited,INTELLCAP
Intense Technologies,INTENTECH
Inter Globe Finance Ltd.,INTRGLB
Inter State Oil Carrier Ltd,INTSTOIL
INTERACTIVE FINANCIAL SERVICES LIMITED,IFINSER
InterGlobe Aviation Limited,INDIGO
International Combustion (India) Lt,INTLCOMBQ
"International Conveyors Ltd.,",INTLCONV
International Data Managements Ltd.,IDM
International Travel House Ltd,ITHL
Intrasoft Technologies Limited,ISFT
INVENTURE GROWTH & SECURITIES LIMITED,INVENTURE
Investment & Precision Castings Ltd,INVPRECQ
IOL Chemicals & Pharmaceuticals Ltd,IOLCP
Ion Exchange (India) Ltd,IONEXCHANG
"IP Rings Ltd.,",IPRINGLTD
Ipca Laboratories Ltd.,IPCALAB
IRB Infrastructure Developers Limited,IRB
IRCON International Ltd,IRCON
IRIS Business Services Limited,IRIS
IRM ENERGY LIMITED,IRMENERGY
IRONWOOD EDUCATION LIMITED,IRONWOOD
ISF LIMITED,ISFL
ISGEC Heavy Engineering Limited,ISGEC
ISHAAN INFRASTRUCTURE AND SHELTERS LIMITED,IISL
Ishan Dyes & Chemicals Ltd.,ISHANCH
Ishita Drugs & Industries Ltd.,ISHITADR
Ishwarshakti Holdings & Traders Ltd,ISHWATR
ISL Consulting Ltd,ISLCONSUL
ISMT Limited,ISMTLTD
IST Limited,ISTLTD
iStreet Network Limited,ISTRNETWK
ITC Ltd,ITC
ITCONS E-Solutions Limited,ITCONS
ITD Cementation India Ltd,ITDCEM
ITI Limited (Indian Teleph.Ind.Ltd),ITI
ITL Industries Ltd.,ITL
"IVP Ltd.,",IVP
Iykot Hitech Toolroom Ltd,IYKOTHITE
IZMO Limited,IZMO
J. Kumar Infraprojects Limited,JKIL
J.A. Finance Limited,JAFINANCE
J.B. Chemicals & Pharmaceuticals Lt,JBCHEPHARM
"J.J. Finance Corporation Ltd.,",JJFINCOR
J.K. CEMENT LTD,JKCEMENT
J.Taparia Projects Ltd,JTAPARIA
Jackson Investments Limited,JACKSON
Jagan Lamps Ltd.,JAGANLAM
"Jagatjit Industries Ltd.,",JAGAJITIND
JAGJANANI TEXTILES LIMITED,JAGJANANI
Jagran Prakashan Limited,JAGRAN
Jagsonpal Finance & Leasing Ltd.,JAGSONFI
"Jagsonpal Pharmaceuticals Limited,",JAGSNPHARM
Jai Balaji Industries Limited,JAIBALAJI
Jai Corp Limited,JAICORPLTD
"Jai Mata Glass Ltd.,",JAIMATAG
Jaihind Synthetics Ltd.,JAIHINDS
"Jain Irrigation Systems Ltd.,",JISLJALEQS
"Jain Irrigation Systems Ltd.,",JISLDVREQS
Jain Marmo Industries Ltd.,JAINMARMO
Jainco Projects (India) Ltd.,JAINCO
JAINEX AAMCOL LTD.,JAINEX
Jaipan Industries Ltd,JAIPAN
Jaiprakash Associates Limited,JPASSOCIAT
Jaiprakash Power Ventures Limited,JPPOWER
James Warren Tea Limited,JAMESWARREN
Jammu and Kashmir Bank Ltd.,J&KBANK
"Jamna Auto Industries Ltd.,",JAMNAAUTO
JAMSHRI REALTY LIMITED,JAMSHRI
Janus Corporation Limited,JANUSCORP
Jattashankar Industries Limited,JATTAINDUS
Jauss Polymers Ltd,JAUSPOL
"Jay Bharat Maruti Ltd.,",JAYBARMARU
"Jay Shree Tea & Industries Ltd.,",JAYSREETEA
Jay Ushin Ltd.,JAYUSH
"Jayabharat Credit Ltd.,",JAYBHCR
Jayant Agro-Organics Limited.,JAYAGROGN
JAYANT INFRATECH LIMITED,JAYANT
Jayaswal Neco Industries Ltd,JAYNECOIND
JAYATMA ENTERPRISES LIMITED,JAYATMA
JAYATMA INDUSTRIES LIMITED,JAYIND
Jaykay Enterprises Limited,JAYKAY
"Jayshree Chemicals Ltd.,",JAYCH
"Jaysynth Dyestuff (India) Ltd.,",JAYSYN
JBM Auto Limited,JBMA
JCT Ltd,JCTLTD
JD Orgochem Ltd.,JDORGOCHEM
Jeevan Scientific Technology Limited,JSTL
Jenburkt Pharmaceuticals Ltd.,JENBURPH
Jet Airways (India) Ltd,JETAIRWAYS
Jet Freight Logistics Limited,JETFREIGHT
Jet Infraventure Limited,JETINFRA
Jetking Infotrain Ltd.,JETKINGQ
Jetmall Spices and Masala Limited,JETMALL
Jhandewalas Foods Limited,JFL
Jhaveri Credits & Capital Ltd.,JHACC
JHS Svendgaard Laboratories Ltd.,JHS
Jigar Cables Limited,JIGAR
Jindal Capital Ltd.,JINDCAP
"Jindal Drilling & Industries Ltd.,",JINDRILL
"Jindal Hotels Ltd.,",JINDHOT
JINDAL LEASEFIN LIMITED,JLL
Jindal Photo Limited,JINDALPHOT
Jindal Poly Films Ltd.,JINDALPOLY
JINDAL POLY INVESTMENT AND FINANCE COMPANY LIMITED,JPOLYINVST
Jindal Saw Ltd.,JINDALSAW
Jindal Stainless Limited,JSL
Jindal Steel & Power Ltd,JINDALSTEL
Jindal Worldwide Ltd.,JINDWORLD
Jio Financial Services Limited,JIOFIN
JITF INFRALOGISTICS LIMITED,JITFINFRA
JK Agri Genetics Limited,JK AGRI
JK Lakshmi Cement Limited,JKLAKSHMI
JK Paper Ltd.,JKPAPER
JK Tyre & Industries Ltd.,JKTYRE
JLA Infraville Shoppers Limited,JSHL
JM Financial Limited,JMFINANCIL
JMD Ventures Limited,JMDVL
JMJ Fintech Limited,JMJFIN
JOHN COCKERILL INDIA LIMITED,COCKERILL
Johnson Controls-Hitachi Air Conditioning India Ltd.,JCHAC
JOHNSON PHARMACARE LIMITED,JOHNPHARMA
Joindre Capital Services Ltd.,JOINDRE
Jointeca Education Solutions Limited,JOINTECAED
Jonjua Overseas Limited,JONJUA
"Josts Engineering Co. Ltd.,",JOSTS
"JSL Industries Ltd.,",JSLINDL
JSW Energy Limited,JSWENERGY
JSW Holdings Limited,JSWHL
JSW Infrastructure Limited,JSWINFRA
JSW Steel Limited,JSWSTEEL
JTEKT India Limited,JTEKTINDIA
JTL INDUSTRIES LIMITED,JTLIND
Jubilant Foodworks Limited,JUBLFOOD
Jubilant Industries Limited,JUBLINDS
Jubilant Ingrevia Limited,JUBLINGREA
JUBILANT PHARMOVA LIMITED,JUBLPHARMA
JULIEN AGRO INFRATECH LIMITED,JULIEN
Jumbo Bag ltd.,JUMBO
"Jumbo Finance Ltd.,",JUMBFNL
"Jupiter Industries & Leasing Ltd.,",JPTRLES
Jupiter Infomedia Limited,JUPITERIN
Jupiter Life Line Hospitals Limited,JLHL
JUPITER WAGONS LIMITED,JWL
Just Dial Limited,JUSTDIAL
Justride Enterprises Limited,JRELTD
Jyot International Marketing Limited,JYOTIN
JYOTHY LABS LIMITED,JYOTHYLAB
"Jyoti Ltd.,",JYOTI
"Jyoti Resins & Adhesives Ltd,",JYOTIRES
"Jyoti Structures Ltd.,",JYOTISTRUC
K C P SUGAR AND INDUSTRIES CORPORATION LTD.,KCPSUGIND
K K Fincorp Limited,KKFIN
K. M. Sugar Mills Ltd.,KMSUGAR
K.C.P. LTD,KCP
K.G.Denim Ltd,KGDENIM
K.P. Energy Limited,KPEL
K.P.R. Mill Ltd.,KPRMILL
K.Z.Leasing & Finance Ltd.,KZLFIN
K&R RAIL ENGINEERING LIMITED,KRRAIL
Kaarya Facilities and Services Limited,KAARYAFSL
Kabra Commercial Limited,KCL
Kabra Extrusion Technik Ltd,KABRAEXTRU
Kabsons Industries Ltd.,KABSON
Kachchh Minerals Ltd.,KACHCHH
Kahan Packaging Limited,KAHAN
"Kaira Can Co. Ltd.,",KAIRA
Kaiser Corporation Limited,KACL
KAIZEN AGRO INFRABUILD LIMITED,KAIZENAGRO
Kajal Synthetics and Silk Mills Ltd,KAJALSY
Kajaria Ceramics Ltd,KAJARIACER
Kaka Industries Limited,KAKA
Kakatiya Cement Sugar & Industries Ltd.,KAKATCEM
"Kakatiya Textiles Ltd.,",KAKTEX
KALLAM TEXTILES LTD,KALLAM
KALPATARU PROJECTS INTERNATIONAL LIMITED,KPIL
Kalyan Capitals Limited,KALYANCAP
Kalyan Jewellers India Limited,KALYANKJIL
Kalyani Cast-Tech Limited,KALYANI
Kalyani Forge Ltd.,KALYANIFRG
Kalyani Investment Company Limited,KICL
Kalyani Steels Ltd,KSL
Kama Holdings Limited,KAMAHOLD
Kamadgiri Fashion Limited,KAMADGIRI
Kamanwala Housing Construction Ltd,KAMANWALA
Kamat Hotels (India) ltd.,KAMATHOTEL
Kamdhenu Limited,KAMDHENU
Kamdhenu Ventures Limited,KAMOPAINTS
Kanani Industries Ltd,KANANIIND
Kanchi Karpooram Ltd.,KANCHI
KANCO TEA & INDUSTRIES LIMITED,KANCOTEA
Kandagiri Spinning Mills Ltd.,KANDAGIRI
Kanishk Steel Industries Ltd,KANSHST
Kanoria Chemicals & Industries Ltd.,KANORICHEM
KANORIA ENERGY AND INFRASTRUCTURE LIMITED,KEIL
Kanpur Plastipack Limited,KANPRPLA
Kansai Nerolac Paints,KANSAINER
KANUNGO FINANCIERS LIMITED,KANUNGO
"Kapil Cotex  Ltd.,",KAPILCO
Kapil Raj Finance Ltd.,KAPILRAJ
Karan Woo-sin ltd.,KARANWO
Karma Energy Limited,KARMAENG
Karnataka Bank Ltd.,KTKBANK
Karnavati Finance Limited,KARNAVATI
Karnimata Cold Storage Limited,KCSL
"Kartik Investments Trust Ltd.,",KARTKIN
Karur Vysya Bank Ltd.,KARURVYSYA
Kashyap Tele-Medicines Limited,KASHYAP
"Katare Spinning Mills Ltd.,",KATRSPG
Kaveri Seed Company Ltd,KSCL
KAVERI TELECOM PRODUCTS LTD.,KAVVERITEL
Kay Power And Paper Ltd,KAYPOWR
Kaya Limited,KAYA
"Kaycee Industries Ltd.,",KAYCEEI
KAYNES TECHNOLOGY INDIA LIMITED,KAYNES
KBC GLOBAL LIMITED,KBCGLOBAL
KBS INDIA LIMITED,KBSINDIA
KCD INDUSTRIES INDIA LIMITED,KCDGROUP
KCL Infra Projects Limited,KCLINFRA
KDDL Ltd,KDDL
KEC International Ltd.,KEC
"Kedia Construction Co. Ltd.,",KEDIACN
Keerthi Industries Ltd,KEERTHI
KEI Industries Ltd.,KEI
Kellton Tech Solutions Ltd.,KELLTONTEC
Keltech Energies Ltd.,KELENRG
Kemistar Corporation Limited,KEMISTAR
Kemp & Company Limited,KEMP
Ken Financial Services Ltd.,KENFIN
Kennametal India Limtied,KENNAMET
Kenvi Jewels Limited,KENVI
Kerala Ayurveda Limited,KERALAYUR
Kernex Microsystems (India) Ltd.,KERNEX
"Kesar Enterprises Ltd.,",KESARENT
KESAR INDIA LIMITED,KESAR
Kesar Petroproducts Ltd,KESARPE
Kesar Terminals & Infrastructure Limited,KTIL
Kesoram Industries Ltd,KESORAMIND
Kewal Kiran Clothing Ltd.,KKCL
Key Corp Ltd,KEYCORP
KEYNOTE FINANCIAL SERVICES LIMITED,KEYFINSERV
Keystone Realtors Limited,RUSTOMJEE
KFin Technologies Limited,KFINTECH
KG Petrochem Ltd.,KGPETRO
Khadim India Limited,KHADIM
Khaitan (India) Ltd.,KHAITANLTD
Khaitan Chemicals & Fertilizers Ltd,KHAICHEM
"Khandelwal Extraction Ltd.,",ZKHANDEN
Khandwala Securities Ltd.,KHANDSE
Khazanchi Jewellers Limited,KHAZANCHI
Khemani Distributors & Marketing Limited,KDML
Khoobsurat Ltd.,KHOOBSURAT
KIC Metaliks Ltd.,KAJARIR
Kiduja  India  Ltd,KIDUJA
KIFS Financial Services Ltd,KIFS
Kilburn Engineering Ltd,KLBRENG-B
Kilitch Drugs (I) Ltd.,KILITCH
KIMIA BIOSCIENCES LIMITED,KIMIABL
"Kinetic Engineering Ltd.,",KINETICENG
Kingfa Science & Technology (India) Ltd,KINGFA
Kings Infra Ventures Limited,KINGSINFR
KIOCL Limited,KIOCL
Kiran Print-Pack Ltd.,KIRANPR
Kiran Syntex Ltd.,KIRANSY-B
Kiran Vyapar Limited,KIRANVYPAR
KIRI INDUSTRIES LIMITED,KIRIINDUS
"Kirloskar Brothers Ltd.,",KIRLOSBROS
KIRLOSKAR ELECTRIC COMPANY LTD.,KECL
Kirloskar Ferrous Industries Ltd.,KIRLFER
Kirloskar Industries Ltd,KIRLOSIND
Kirloskar Oil Engines Limited,KIRLOSENG
Kirloskar Pneumatic Co.Ltd.,KIRLPNU
Kisan Mouldings Ltd.,KISAN
Kitex Garmenets Ltd.,KITEX
KJMC Corporate Advisors (India) Ltd.,KJMCCORP
KJMC Financial Services Ltd.,KJMCFIN
KK Shah Hospitals Limited,KKSHL
Kkalpana Industries (India) Ltd,KKALPANAIND
Kkalpana Plastick Limited,KKPLASTICK
KKRRAFTON Developers Limited,KDL
KMC Speciality Hospitals India Limited,KMCSHIL
KMF Builders & Developers Ltd.,KMFBLDR
KMG Milk Food Limited,KMGMILK
KMS Medisurgi Limited,KMSMEDI
Knowledge Marine & Engineering Works Limited,KMEW
KNR Constructions Limited,KNRCON
KOBO BIOTECH LIMITED,KOBO
Kohinoor Foods Ltd,KOHINOOR
Kokuyo Camlin Ltd,KOKUYOCMLN
Kolte-Patil Developers Ltd,KOLTEPATIL
Kome-on Communication Limited,KOCL
Konark Synthetics  Ltd,KONARKSY
KONNDOR INDUSTRIES LIMITED,KONNDOR
"Kopran Ltd.,",KOPRAN
Kore Foods Limited,KORE
Kotak Mahindra Bank Ltd.,KOTAKBANK
Kotak Mahindra Mutual Fund,KTKSENSEX
Kotak Mahindra Mutual Fund,KOTAKNIFTY
Kotak Mahindra Mutual Fund,KTINDF4RG
Kotak Mahindra Mutual Fund,KTINDF4RD
Kotak Mahindra Mutual Fund,KTINDF4DG
Kotak Mahindra Mutual Fund,KTINDF4DD
Kotak Mahindra Mutual Fund - Permitted,KOTAKPSUBK
Kotak Mahindra Mutual Fund - Permitted,KOTAKBKETF
Kothari Fermanatation & Biochem Ltd,KFBL
Kothari Products Ltd.,KOTHARIPRO
Kotia Enterprises Limited,KEL
Kovai Medical Center & Hospital Ltd,KOVAI
"Kovalam Inv. & Trading Co.Ltd.,",ZKOVALIN
KOVILPATTI LAKSHMI ROLLER FLOUR MILLS  LTD,KLRFM
KPI Green Energy Limited,KPIGREEN
KPIT Technologies Ltd,KPITTECH
KPT INDUSTRIES LIMITED,KPT
Kranti Industries Limited,KRANTI
Kratos Energy & Infrastructure Limited,KRATOSENER
KRBL Ltd.,KRBL
Krebs Biochemicals & Industries Ltd.,KREBSBIO
Kreon Finnancial Services Limited,KREONFIN
KRETTO SYSCON LIMITED,KRETTOSYS
Kridhan Infra Limited,KRIDHANINF
KRISHANVEER FORGE LIMITED,KVFORGE
Krishna Capital And Securities Limited,KRISHNACAP
Krishna Institute of Medical Sciences Limited,KIMS
Krishna Ventures Limited,KRISHNA
Kriti Industries (India) Ltd.,KRITI
Kriti Nutrients Ltd,KRITINUT
Krsnaa Diagnostics Limited,KRSNAA
Krypton Industries Ltd,KRYPTONQ
KSB LIMITED,KSB
KSE Ltd.,KSE
Ksolves India Limited,KSOLVES
Kuantum Papers Limited,KUANTUM
Kuber Udyog Limited,KUBERJI
Kumbhat Financial Services Ltd.,KUMPFIN
"Kunststoffe Industries Ltd.,",KUNSTOFF
"Kusam Electrical Industies Ltd.,",KUSUMEL
Kush Industries Limited,KUSHIND
Kuwer Industries Ltd.,KUWERIN
Kwality Pharmaceuticals Limited,KPL
L.g.Balkrishnan & Bros. Ltd.,LGBBROSLTD
L&T FINANCE HOLDINGS LIMITED,L&TFH
L&T Technology Services Limited,LTTS
La Opala RG Ltd.,LAOPALA
La Tim Metal & Industries Limited,LATIMMETAL
La Tim Metal & Industries Limited,LATIM-RE
LABELKRAFT TECHNOLOGIES LIMITED,LABELKRAFT
"Lactose (India) Ltd.,",LACTOSE
Ladam Affortable Housing Limited,LAHL
Ladderup Finance Ltd.,LADDERUP
Laffans Petrochemicals Ltd.,LAFFANSQ
Lahoti Overseas Ltd.,LAHOTIOV
LAKHOTIA POLYESTERS (INDIA) LIMITED,LAKHOTIA
"Lakshmi Automatic Loom Works Ltd.,",LXMIATO
Lakshmi Electrical Control Systems,LAKSELEC
"Lakshmi Machine Works Ltd.,",LAXMIMACH
Lakshmi Mills Company ltd,LAKSHMIMIL
Lambodhara Textiles Ltd.,LAMBODHARA
Lancer Container Lines Limited,LANCER
Lancor Holdings Ltd.,LANCORHOL
LANDMARK CARS LIMITED,LANDMARK
Landmark Property Development Company Ltd.,LPDC
Larsen & Toubro Limited,LT
Lasa Supergenerics Limited,LASA
LAST MILE ENTERPRISES LIMITED,LASTMILE
Latent View Analytics Limited,LATENTVIEW
Laurus Labs Limited,LAURUSLABS
Laxmi Organic Industries Limited,LXCHEM
LAXMIPATI ENGINEERING WORKS LIMITED,LAXMIPATI
LCC Infotech Ltd.,LCCINFOTEC
LE LAVOIR LIMITED,LELAVOIR
Lead Financial Services  Ltd,LEADFIN
LEADING LEASING FINANCE AND INVESTMENT CO. LIMITED,LLFICL
Lee & Nee Softwares (Exports) Ltd.,LEENEE
LEHAR FOOTWEARS LIMITED,LEHAR
Lemon Tree Hotels Limited,LEMONTREE
LERTHAI FINANCE LIMITED,LERTHAI
Lesha Industries Limited,LESHAIND
Lex Nimble Solutions Limited,LEX
LGB Forge Limited,LGBFORGE
Liberty Shoes Ltd.,LIBERTSHOE
Libord Finance Limited,LIBORDFIN
Libord Securities Ltd.,LIBORD
Lic Housing Finance Ltd.,LICHSGFIN
LIC Mutual Fund,LICNETFN50
LIC Mutual Fund,LICNETFSEN
LIC Mutual Fund,LICNFNHGP
LIFE INSURANCE CORPORATION OF INDIA,LICI
LIKHAMI CONSULTING LIMITED,LIKHAMI
Likhitha Infrastructure Limited,LIKHITHA
Lime Chemicals Ltd.,LIMECHM
LINC LIMITED,LINC
Lincoln Pharmaceuticals ltd.,LINCOLN
Linde India Limited,LINDEINDIA
Link Pharma Chem Ltd.,LINKPH
Lippi Systems Ltd.,LIPPISYS
LKP Finance Limited,LKPFIN
LKP Securities Limited,LKPSEC
LLOYDS ENGINEERING WORKS LIMITED,LLOYDSENGG
LLOYDS ENTERPRISES LIMITED,LLOYDSENT
Lloyds Metals and Energy Limited,LLOYDSME
Lokesh Machines Limited,LOKESHMACH
Longview Tea Company ltd.,LONTE
Looks Health Services Limited,LOOKS
Lords Chloro Alkali Ltd,LORDSCHLO
Lords Ishwar Hotels Limited,LORDSHOTL
LORENZINI APPARELS LIMITED,LAL
"Lotus Chocolate Co. Ltd.,",LOTUSCHO
Lotus Eye Hospital And Institute Limited,LOTUSEYE
Lovable Lingerie Limited,LOVABLE
Loyal Equipments Limited,LOYAL
Loyal Textiles Mills Ltd,LOYALTEX
LT Foods Limited,LTFOODS
LTIMindtree Limited,LTIM
LUCENT INDUSTRIES LIMITED,LUCENT
Ludlow Jute & Specialities Ltd,LUDLOWJUT
Luharuka Media & Infra Limited,LUHARUKA
Lumax Auto Technologies Ltd.,LUMAXTECH
"Lumax Industries Ltd.,",LUMAXIND
Lupin Ltd,LUPIN
LUX Industries Limited,LUXIND
LWS Knitwear Ltd,LWSKNIT
"Lyka Labs Ltd.,",LYKALABS
Lykis Limited,LYKISLTD
Lypsa Gems & Jewellery Limited,LYPSAGEMS
M LAKHAMSI INDUSTRIES LIMITED,MLINDLTD
M. K. Exim (India) Ltd.,MKEXIM
M.K.Proteins Limited,MKPL
"M.M. Rubber Company Ltd.,",MMRUBBR-B
M.M.Forgings Ltd.,MMFL
"M.P. Agro Industries Ltd.,",MPAGI
"M.R.F. Ltd.,",MRF
MAAGH ADVERTISING AND MARKETING SERVICES LIMITED,MAAGHADV
MAAN ALUMINIUM LIMITED,MAANALU
"Mac Charles (India) Ltd.,",MCCHRLS-B
Mac Hotels Limited,MACH
Macfos Limited,ROBU
Machhar Industries Limited,MACIND
Machino Plastics Ltd,MACPLASQ
Macrotech Developers Limited,LODHA
Madhav Infra Projects Limited,MADHAVIPL
"Madhav Marbles & Granites Ltd.,",MADHAV
Madhucon Projects Ltd.,MADHUCON
Madhur Industries Limited,MADHURIND
"Madhusudan Industries Ltd.,",MADHUDIN
Madhusudan Securities Ltd,MADHUSE
Madhuveer Com 18 Network Limited,MADHUVEER
Madras Fertilizers Ltd,MADRASFERT
MAESTROS ELECTRONICS & TELECOMMUNICATIONS SYSTEMS LTD,METSL
"Mafatlal Industries Ltd.,",MAFATIND
MAFIA TRENDS LIMITED,MAFIA
Magadh Sugar & Energy Limited,MAGADSUGAR
MAGELLANIC CLOUD LIMITED,MCLOUD
Magna Electro Castings Ltd.,MAGNAELQ
"Magnanimous Trade & Finance Ltd.,",MAGANTR
MAGNUM VENTURES LIMITED,MAGNUM
Maha Rashtra Apex Corporation Ltd,MAHAPEXLTD
Mahaan Foods Ltd.,MAHAANF
Mahalaxmi Rubtech Ltd.,MHLXMIRU
Mahalaxmi Seamless Ltd.,MAHALXSE
Mahamaya Steel Industries Limited,MAHASTEEL
Mahan Industries Ltd.,MAHANIN
Mahanagar Gas Limited,MGL
Mahanagar Telephone Nigam Ltd.,MTNL
Maharashtra Corporation Ltd.,MAHACORP
"Maharashtra Scooters Ltd.,",MAHSCOOTER
Maharashtra Seamless Ltd.,MAHSEAMLES
Mahasagar Travels Ltd.,MHSGRMS
Mahaveer Infoway Limited,MINFY
Mahindra & Mahindra Financial Services Limited,M&MFIN
Mahindra & Mahindra Ltd.,M&M
MAHINDRA EPC IRRIGATION LIMITED,MAHEPC
Mahindra Holidays & Resorts India Limited,MHRIL
Mahindra Lifespace Developers Ltd.,MAHLIFE
Mahindra Logistics Limited,MAHLOG
Maiden Forgings Limited,MAIDEN
Maithan Alloys Limited,MAITHANALL
Maitri Enterprises Limited,MAITRI
"Majestic Auto Ltd.,",MAJESAUT
Makers Laboratories Ltd.,MAKERSL
MALLCOM (INDIA) LTD.,MALLCOM
Malu Paper Mills Limited,MALUPAPER
Man Industries (India) Ltd,MANINDS
MAN INFRACONSTRUCTION LIMITED,MANINFRA
Manaksia Aluminium Company Ltd,MANAKALUCO
Manaksia Coated Metals & Industries Ltd,MANAKCOAT
MANAKSIA LIMITED,MANAKSIA
Manaksia Steels Limited,MANAKSTEEL
"Manali Petrochemicals Ltd.,",MANALIPETC
Manappuram Finance Limited,MANAPPURAM
Manas Properties Limited,MANAS
Manbro Industries Limited,MANBRO
Mangal Credit and Fincorp Limited,MANCREDIT
"Mangalam Cement Ltd.,",MANGLMCEM
Mangalam Drugs and Organics Ltd.,MANGALAM
Mangalam Industrial Finance Limited,MANGIND
Mangalam Organics Limited,MANORG
Mangalam Seeds Limited,MSL
Mangalore Chemicals & Fertilisers L,MANGCHEFER
Mangalore Refinery & Petrochemicals,MRPL
"Manipal Finance Corporation Ltd.,",MNPLFIN
Manjeera Constructions Limited,MANJEERA
Mankind Pharma Limited,MANKIND
Manoj Ceramic Limited,MCPL
MANOJ VAIBHAV GEMS 'N' JEWELLERS LIMITED,MVGJL
Manomay Tex India Limited,MANOMAY
Manorama Industries Limited,MANORAMA
Manraj Housing Finance Ltd.,MANRAJH
Mansi Finance (Chennai) Ltd,MANSIFIN
"Mansoon Trading Co. Ltd.,",ZMANSOON
Manugraph India Ltd,MANUGRAPH
Maral Overseas Ltd.,MARALOVER
Marathon Nextgen Realty Ltd,MARATHON
MARBLE CITY INDIA LIMITED,MARBLE
MARG TECHNO PROJECTS LIMITED,MTPL
Margo Finance Limited,MARGOFIN
Marico Limited,MARICO
Maris Spinners Ltd.,MARIS
Market Creators Ltd.,MKTCREAT
MARKOBENZ VENTURES LIMITED,MARKOBENZ
Markolines Pavement Technologies Limited,MARKOLINES
Marksans Pharma Ltd.,MARKSANS
MARSONS LIMITED,MARSONS
Martin Burn Ltd,MARBU
Maruti Infrastructure Ltd.,MAINFRA
Maruti Interior Products Limited,SPITZE
Maruti Suzuki India  Ltd.,MARUTI
MAS Financial Services Limited,MASFIN
Mastek Limited,MASTEK
Master Trust Ltd.,MASTERTR
Mathew Easow Research Securities Lt,MATHEWE
Matrimony.com Limited,MATRIMONY
MAURIA UDYOG LIMITED,MUL
Mawana Sugars Ltd,MAWANASUG
Max Estates Limited,MAXESTATES
Max Financial Services Limited,MFSL
Max Healthcare Institute Limited,MAXHEALTH
Max India Limited,MAXIND
Maxheights Infrastructure Limited,MAXHEIGHTS
Maximus International Limited,MAXIMUS
Mayukh Dealtrade Limited,MAYUKH
Mayur Floorings Ltd.,MAYURFL
Mayur Uniquoters ltd.,MAYURUNIQ
Mazagon Dock Shipbuilders Limited,MAZDOCK
Mazda Ltd.,MAZDA
MBL Infrastructure Ltd,MBLINFRA
McLeod Russel India Limited,MCLEODRUSS
McNally Bharat Engineering Company Limited,MBECL
"Medi-Caps Ltd.,",MEDICAPQ
Media Matrix Worldwide Ltd.,MMWL
Mediaone Global Entertainment Limited,MEDIAONE
Medicamen Biotech Ltd.,MEDICAMEQ
Medico Intercontinental Limited,MIL
MEDICO REMEDIES LIMITED,MEDICO
Medinova Diagnostic Services Ltd.,MEDINOV
Medplus Health Services Limited,MEDPLUS
Meera Industries Limited,MEERA
Mefcom Capital Markets Ltd.,MEFCOMCAP
Mega Corporation Ltd,MEGACOR
Mega Fin (India) Ltd.,MEGFI
Mega Nirman & Industries Limited,MNIL
Megasoft Ltd.,MEGASOFT
Megastar Foods Limited,MEGASTAR
Meghmani Organics Limited,MOL
Megri Soft Limited,MEGRISOFT
Mehai Technology  Limited,MEHAI
Mehta Housing Finance Ltd.,MEHTAHG
Mehta Integrated Finance Ltd.,MEHIF
Mehta Securities Ltd.,MEHSECU
Melstar Information Technologies Ltd.,MELSTAR
MENA MANI INDUSTRIES LIMITED,MENAMANI
Menon Bearings Ltd,MENONBE
Menon Pistons Ltd.,MENNPIS
MEP Infrastructure Developers Limited,MEP
Mercantile Ventures Limited,MERCANTILE
MERCURY EV-TECH LIMITED,MERCURYEV
Mercury Laboratories Limited,MERCURYLAB
"Mercury Trade Links Ltd.,",MERCTRD
Meson Valves India Limited,MESON
Metal Coatings (India) Ltd.,METALCO
Metro Brands Limited,METROBRAND
Metroglobal Limited,METROGLOBL
Metropolis Healthcare Limited,METROPOLIS
MFL India Ltd,MFLINDIA
MFS Intercorp Limited,MFSINTRCRP
MIC Electronics Limited,MICEL
"Microse India Limited,",MICROSE
Mid East Portfolio Management Ltd.,MIDEASTP
Mid India Industries Limited,MIDINDIA
Midwest Gold Ltd,MIDWEST
Mihika Industries Ltd.,MIHIKA
Milestone Furniture Limited,MILEFUR
Milestone Global Limited,MILESTONE
MILGREY FINANCE & INVESTMENT LTD,ZMILGFIN
"Milkfood Ltd.,",MLKFOOD
Millennium Online Solutions (India) Ltd,MILLENNIUM
Minal Industries Limited,MINALIND
Minaxi Textiles Ltd.,MINAXI
Minda Corporation Limited,MINDACORP
Mindteck (India) Ltd,MINDTECK
Mini Diamonds (India) Ltd.,MINID
Minolta Finance Ltd.,MINOLTAF
Mipco Seamless Rings (Gujarat) Ltd.,MPCOSEMB
Mirae Asset Mutual Fund,NIFTYETF
Mirae Asset Mutual Fund,NEXT50
Mirae Asset Mutual Fund,ESG
Mirae Asset Mutual Fund,MAFANG
Mirae Asset Mutual Fund,BFSI
Mirae Asset Mutual Fund,MASPTOP50
Mirae Asset Mutual Fund,MAHKTECH
Mirae Asset Mutual Fund,MAKEINDIA
Mirae Asset Mutual Fund,MIDCAPETF
Mirae Asset Mutual Fund,LOWVOL
Mirae Asset Mutual Fund,BANKETF
Mirae Asset Mutual Fund,SENSEXETF
Mirae Asset Mutual Fund,ITETF
Mirae Asset Mutual Fund,ALPHAETF
Mirc Electronics Ltd,MIRCELECTR
Mirza International  Limited,MIRZAINT
Mish Designs Limited,MISHDESIGN
Mishka Exim Limited,MISHKA
Mishra Dhatu Nigam Limited,MIDHANI
Mishtann Foods Limited,MISHTANN
Misquita Engineering Limited,MISQUITA
Mitshi India Limited,MITSHI
Mitsu Chem Plast Limited,MITSU
Miven Machine Tools Ltd.,MIVENMACH
MKVENTURES CAPITAL LIMITED,MKVENTURES
"MMTC Ltd.,",MMTC
"Modella Woollens Ltd.,",MODWOOL
Modern Dairies Ltd.,MODAIRY
MODERN ENGINEERING AND PROJECTS LIMITED,MEAPL
"Modern Insulators Ltd.,",MODINSU
Modern Shares and Stockbrokers Ltd.,MODRNSH
Modern Steels Limited,MDRNSTL
Modi Naturals Limited,MODINATUR
"Modi Rubber Ltd.,",MODIRUBBER
MODI’S NAVNIRMAN LIMITED,MODIS
"Modipon Ltd.,",MODIPON
MODISON LIMITED,MODISONLTD
MODULEX CONSTRUCTION TECHNOLOGIES LIMITED,MODULEX
Mohit Industries Limited,MOHITIND
Mohit Paper Mills Ltd.,MOHITPPR
Mohite Industries Limited,MOHITE
MOIL Limited,MOIL
Mold-Tek Packaging Limited,MOLDTKPAC
Mold-Tek Technologies Ltd,MOLDTECH
Monarch Networth Capital Limited,MONARCH
Money Masters Leasing & Finance Limited,MMLF
MONEYBOXX FINANCE LIMITED,MONEYBOXX
MONIND LIMITED,MONIND
"Monotype India Ltd.,",MONOT
Monte Carlo Fashions Limited,MONTECARLO
Moongipa Capital Finance Ltd.,MONGIPA
Morarjee Textiles Limited,MORARJEE
Morarka Finance Ltd.,MORARKFI
Morepen Laboratories Ltd.,MOREPENLAB
Morgan Ventures Ltd.,MORGAN
Morganite Crucible (India) Limited,MORGANITE
MOSCHIP TECHNOLOGIES LIMITED,MOSCHIP
Motherson Sumi Wiring India Limited,MSUMI
Motilal Oswal Financial Services Limited,MOTILALOFS
Motilal Oswal Mutual Fund,MOM100
Motilal Oswal Mutual Fund,MONQ50
Motilal Oswal Mutual Fund,MOMOMENTUM
Motilal Oswal Mutual Fund,MOLOWVOL
Motilal Oswal Mutual Fund,MOHEALTH
Motilal Oswal Mutual Fund,MOVALUE
Motilal Oswal Mutual Fund,MOQUALITY
Motilal Oswal Mutual Fund-Permitted,MOM50
Motisons Jewellers Limited,MOTISONS
Motor & General Finance (M.G.F.) Lt,MOTOGENFIN
MOUNT HOUSING AND INFRASTRUCTURE LIMITED,MOUNT
MPDL LIMITED,MPDL
Mphasis Limited,MPHASIS
MPIL CORPORATION LIMITED,MPILCORPL
MPL Plastics Limited,MPL
MPS Limited,MPSLTD
MRC AGROTECH LIMITED,MRCAGRO
MRO-TEK Realty Limited,MRO-TEK
MRP Agro Limited,MRP
Mrs. Bectors Food Specialities Limited,BECTORFOOD
"Mrugesh Trading Ltd.,",MRUTR
MSP STEEL & POWER LTD.,MSPL
MSR India Limited,MSRINDIA
MSTC Limited,MSTCLTD
MT EDUCARE LIMITED,MTEDUCARE
MTAR Technologies Limited,MTARTECH
Mudra Financial Services Ltd.,MUDRA
MUFIN GREEN FINANCE LIMITED,MUFIN
"Mukand Ltd.,",MUKANDLTD
Mukat Pipes Limited,MUKATPIP
Mukesh Babu Financial Services Ltd.,MUKESHB
Mukta Agriculture Limited,MUKTA
Mukta Arts Ltd.,MUKTAARTS
"Muller & Phipps (India) Ltd.,",MULLER
Multi Commodity Exchange of India Ltd,MCX
Multibase India Ltd,MULTIBASE
"Multiplus Holdings Ltd.,",MULTIIN
Multipurpose Trading & Agencies Ltd,ZMULTIPU
Munjal Auto Industries Ltd.,MUNJALAU
"Munjal Showa Ltd.,",MUNJALSHOW
Munoth Capital Market Ltd,MUNCAPM
MUNOTH COMMUNICATION LIMITED,MCLTD
Munoth Financial Services Ltd.,MUNOTHFI
"Murudeshwar Ceramics Ltd.,",MURUDCERA
Music Broadcast Limited,RADIOCITY
Muthoot Capital Services Ltd.,MUTHOOTCAP
MUTHOOT FINANCE LIMITED,MUTHOOTFIN
Muthoot Microfin Limited,MUTHOOTMF
My Money Securities Ltd.,MYMONEY
"Mysore Petro Chemicals Ltd.,",MYSORPETRO
Mystic Electronics Limited,MYSTICELE
"N.B. Footwear Ltd.,",NBFOOT
N.D.Metal Industries Ltd,NDMETAL
N.G.Industries Ltd.,NGIND
N.K.Industries Ltd.,NKIND
N.R.Agarwal Industries Ltd.,NRAIL
N2N Technologies Limited,NNTL
NACL Industries Limited,NACLIND
Nagarjuna Agritech Ltd.,NAGTECH
NAGARJUNA FERTILIZERS AND CHEMICALS LTD.,NAGAFERT
Nagpur Power & Industries Ltd,NAGPI
Nagreeka Capital & Infrastructure Limited,NAGREEKCAP
Nagreeka Exports Ltd.,NAGREEKEXP
Nahar Capital & Financial Services Ltd.,NAHARCAP
Nahar Industrial Enterprises Ltd,NAHARINDUS
Nahar Polyfilms Ltd.,NAHARPOLY
"Nahar Spinning Mills Ltd.,",NAHARSPING
NAKODA GROUP OF INDUSTRIES LIMITED,NGIL
Naksh Precious Metals Limited,NAKSH
Nalin Lease Finance Ltd.,NLFL
Nalwa Sons Investment Ltd,NSIL
Nam Securities Ltd.,NAM
Nanavati Ventures Limited,NVENTURES
Nandan Denim Limited,NDL
Narayana Hrudayalaya Limited,NH
Narbada Gems and Jewellery Limited,NARBADA
Narendra Properties Ltd.,NARPROP
Narmada Agrobase Limited,NARMADA
Narmada Gelatines Ltd.,SHAWGELTIN
Narmada Macplast Drip Irrigation Sy,NARMP
Natco Pharma Ltd.,NATCOPHARM
Nath Biogene India Ltd.,NATHBIOGEN
NATH INDUSTRIES LIMITED,NATHIND
"National Aluminium Co. Ltd.,",NATIONALUM
"National Fertilizers Ltd.,",NFL
National Fittings Limited,NATFIT
National General Industries Ltd.,NATGENI
"National Oxygen Ltd.,",NOL
National Peroxide Ltd.,NATPEROX
National Plastic Industries Ltd.,NATPLAS
National Plastic Technologies Ltd,NATPLASTI
National Plywood Industries Ltd.,NATPLY
National Standard (India) Limited,NATIONSTD
Natraj Proteins Ltd.,NATRAJPR
Natura Hue Chem Ltd.,NATHUEC
Natural Biocon (India) Limited,NATURAL
Natural Capsules Ltd.,NATCAPSUQ
Naturite Agro Products Limited,NAPL
NATURO INDIABULL LIMITED,NATURO
NAVA LIMITED,NAVA
Navi Mutual Fund,NAVINIFTY
Navigant Corporate Advisors Limited,NAVIGANT
Navin Fluorine International Limited,NAVINFLUOR
Navkar Corporation Limited,NAVKARCORP
NAVKAR URBANSTRUCTURE LIMITED,NAVKAR
Navneet Education Limited,NAVNETEDUL
Navoday Enterprises Limited,NAVODAYENT
Naysaa Securities Limited,NAYSAA
Nazara Technologies Limited,NAZARA
NBCC (India) Limited,NBCC
NCC Bluewater Products Ltd.,NCCBLUE
NCC Limited,NCC
"NCL Industries Limited,",NCLIND
NCL Research And Financial Services,NCLRESE
NDA Securities ltd.,NDASEC
NDL Ventures Limited,NDLVENTURE
NDR Auto Components Limited,NDRAUTO
Nectar Lifesciences Limited,NECLIFE
"Neelamalai Agro Industries Ltd.,",NEAGI
NEELKANTH LIMITED,NEELKANTH
Neelkanth Rockminerals ltd.,NEELKAN
NEERAJ PAPER MARKETING LIMITED,NEERAJ
Neil Industries Ltd.,NEIL
Nelcast Limited,NELCAST
Nelco Ltd,NELCO
Neo Infracon Ltd.,NEOINFRA
Neogen Chemicals Limited,NEOGEN
Nesco Ltd,NESCO
Nestle India Ltd.,NESTLEIND
Netlink Solutions (India) Ltd.,NETLINK
Nettlinx Ltd.,NETTLINX
NETWEB TECHNOLOGIES INDIA LIMITED,NETWEB
Network 18 Media & Investments Limited,NETWORK18
Neuland Laboratories Limited.,NEULANDLAB
New Delhi Television Limited,NDTV
NEW LIGHT APPARELS LIMTED,NEWLIGHT
New Markets Advisory Ltd,NEWMKTADV
Newgen Software Technologies Limited,NEWGEN
Newtime Infrastructure Limited,NEWINFRA
Next Mediaworks Ltd,NEXTMEDIA
NEXUS SURGICAL AND MEDICARE LIMITED,NEXUSSURGL
NGL Fine Chem Ltd.,NGLFINE
NHC FOODS LIMITED,NHCFOODS
NHPC Limited,NHPC
NIBE LIMITED,NIBE
Nicco Parks And Resorts Ltd.,NICCOPAR
Nidhi Granites Limited,NIDHGRN
Nihar Info Global Ltd.,NIHARINF
NIIT Learning Systems Limited,NIITMTS
"NIIT Ltd.,",NIITLTD
Nikhil Adhesives Ltd.,NIKHILAD
Nikki Global Finance Ltd.,NIKKIGL
Nila Infrastructures Ltd,NILAINFRA
Nila Spaces Ltd,NILASPACES
Nilachal Refractories Ltd.,NILACHAL
Nile Ltd.,NILE
Nilkamal Limited,NILKAMAL
"Nilkanth Engineering Ltd.,",ZNILKENG
Nimbus Projects Limited,NIMBSPROJ
NINtec Systems Limited,NINSYS
Nippon India Mutual Fund,NIF100BEES
Nippon India Mutual Fund,CPSEETF
Nippon India Mutual Fund,SENSEXBEES
Nippon India Mutual Fund,SNXT50BEES
Nippon India Mutual Fund,NIESSPJ
Nippon India Mutual Fund,NIESSPI
Nippon India Mutual Fund,NIESSPB
Nippon India Mutual Fund,NIESSPO
Nippon India Mutual Fund,NIESSPC
Nippon India Mutual Fund,NIESSPP
Nippon India Mutual Fund,NIESSPA
Nippon India Mutual Fund,NIESSPG
Nippon India Mutual Fund,NIEHSPA
Nippon India Mutual Fund,NIEHSPB
Nippon India Mutual Fund,NIEHSPC
Nippon India Mutual Fund,NIEHSPF
Nippon India Mutual Fund,NIEHSPI
Nippon India Mutual Fund,NIEHSPK
Nippon India Mutual Fund,NIEHSPM
Nippon India Mutual Fund,NIEHSPN
Nippon India Mutual Fund,NIESSPD
Nippon India Mutual Fund,NIESSPE
Nippon India Mutual Fund,NIESSPF
Nippon India Mutual Fund,NIEHSPD
Nippon India Mutual Fund,NIESSPH
Nippon India Mutual Fund,NIEHSPE
Nippon India Mutual Fund,NIESSPK
Nippon India Mutual Fund,NIEHSPG
Nippon India Mutual Fund,NIEHSPH
Nippon India Mutual Fund,NIEHSPJ
Nippon India Mutual Fund,NIEHSPL
Nippon India Mutual Fund,NIESSPL
Nippon India Mutual Fund,NIESSPM
Nippon India Mutual Fund,NIESSPN
Nippon India Mutual Fund,08MPD
Nippon India Mutual Fund,08ADR
Nippon India Mutual Fund,08MPR
Nippon India Mutual Fund,AMD 8.00
Nippon India Mutual Fund,08AMR
Nippon India Mutual Fund,08BPB
Nippon India Mutual Fund,08GPG
Nippon India Mutual Fund,08ABB
Nippon India Mutual Fund,08QPD
Nippon India Mutual Fund,08AGG
Nippon India Mutual Fund,08QPR
Nippon India Mutual Fund,08AQD
Nippon India Mutual Fund,08DPD
Nippon India Mutual Fund,08AQR
Nippon India Mutual Fund,08DPR
Nippon India Mutual Fund,08ADD
Nippon India Mutual Fund,11DPR
Nippon India Mutual Fund,11GPG
Nippon India Mutual Fund,11MPD
Nippon India Mutual Fund,11MPR
Nippon India Mutual Fund,11QPD
Nippon India Mutual Fund,11QPR
Nippon India Mutual Fund,11ADD
Nippon India Mutual Fund,11ADR
Nippon India Mutual Fund,11AGG
Nippon India Mutual Fund,AMD 11.00
Nippon India Mutual Fund,11AMR
Nippon India Mutual Fund,11AQD
Nippon India Mutual Fund,11AQR
Nippon India Mutual Fund,11DPD
Nippon India Mutual Fund,INFRABEES
NIPPON LIFE INDIA ASSET MANAGEMENT LIMITED,NAM-INDIA
Niraj Cement Structurals Limited,NIRAJ
"Nirav Commercials Ltd.,",NIRAVCOM
Nirbhay Colours India Limited,NIRBHAYIND
"Nirlon Limited,",NIRLON
Nitco Ltd.,NITCO
Nitin Castings Limited,NITINCAST
Nitin Spinners Ltd.,NITINSPIN
Nitta Gelatin India Ltd,NITTAGELA
NIVAKA FASHIONS LIMITED,NIVAKA
"Nivi Trading Ltd.,",ZNIVITRD
Niyogin Fintech Limited,NIYOGIN
NLC India Limited,NLCINDIA
NMDC Ltd,NMDC
NMDC Steel Limited,NSLNISP
NMS RESOURCES GLOBAL LIMITED,NMSRESRC
NOCIL Ltd,NOCIL
Noida Toll Bridge Company Ltd,NOIDATOLL
Norben Tea & Exports Ltd,NORBTEAEXP
Norris Medicines Ltd.,NORRIS
North Eastern Carrying Corporation Limited,NECCLTD
Northern Spirits Limited,NSL
Northlink Fiscal And Capital Services Ltd.,NORTHLINK
Nouveau Global Ventures Limited,NOUVEAU
Nova Iron & Steel Ltd.,NOVIS
Novartis India Limited.,NOVARTIND
Novateor Research Laboratories Limited,NOVATEOR
NPR Finance Ltd.,NPRFIN
NRB Bearings Ltd.,NRBBEARING
NRB INDUSTRIAL BEARINGS LIMITED,NIBL
NTC INDUSTRIES LIMITED,NTCIND
NTPC Limited,NTPC
Nucleus Software Exports Ltd,NUCLEUS
Nureca Limited,NURECA
Nutech Global Ltd.,NUTECGLOB
Nuvama Wealth Management Limited,NUVAMA
Nuvoco Vistas Corporation Limited,NUVOCO
Nuway Organic Naturals (India) Ltd.,NUWAY
Nyssa Corporation Limited,NYSSACORP
O. P. Chains Limited,OPCHAINS
Oasis Securities Limited,OASISEC
OBEROI REALTY LIMITED,OBEROIRLTY
ObjectOne Information Systems Ltd,OONE
Octal Credit Capital Ltd.,OCTAL
Octavius Plantations Limited,OCTAVIUSPL
Octaware Technologies Limited,OCTAWARE
Odyssey Corporation Ltd.,ODYCORP
Odyssey Technologies Ltd.,ODYSSEY
Oil And Natural Gas Corporation Ltd,ONGC
Oil Country Tubular Ltd.,OILCOUNTUB
Oil India Limited,OIL
OK Play India Ltd.,OKPLA
Olatech Solutions Limited,OLATECH
OLECTRA GREENTECH LIMITED,OLECTRA
Olympia Industries Ltd.,OLYMPTX
Olympic Cards Limited,OLPCL
"Olympic Oil Industries Ltd.,",OLYOI
OM INFRA LIMITED,OMINFRAL
"Omax Autos Ltd.,",OMAXAUTO
OMAXE LIMITED,OMAXE
Omega Interactive Technologies Ltd.,OMEGAIN
Omkar Pharmachem Ltd.,OMKARPH
OMKAR SPECIALITY CHEMICALS LIMITED,OMKARCHEM
Omni Axs Software Ltd.,OMNIAX
Omnipotent Industries Limited,OMNIPOTENT
Omnitex Industries (India) Ltd.,OMNITEX
One 97 Communications Limited,PAYTM
ONE GLOBAL SERVICE PROVIDER LIMITED,ONEGLOBAL
Onelife Capital Advisors Ltd,ONELIFECAP
Onesource Ideas Venture Limited,OIVL
OnMobile Global Ltd.,ONMOBILE
Ontic Finserve Limited,ONTIC
Onward Technologies Ltd.,ONWARDTEC
Optiemus Infracom Limited,OPTIEMUS
Optimus Finance Limited,OPTIFIN
Oracle Financial Services Software Limited,OFSS
Orbit Exports Ltd.,ORBTEXP
ORCHASP LIMITED,ORCHASP
Orchid Pharma Limited,ORCHPHARMA
Organic Coatings Ltd.,ORGCOAT
ORGANIC RECYCLING SYSTEMS LIMITED,ORGANICREC
Oricon Enterprises Ltd.,ORICONENT
Orient Bell Limited,ORIENTBELL
"Orient Beverages Ltd.,",ORIBEVER
ORIENT CEMENT LIMITED,ORIENTCEM
ORIENT CERATECH LIMITED,ORIENTCER
Orient Electric Limited,ORIENTELEC
Orient Green Power Company Limited,GREENPOWER
Orient Paper & Industries Ltd.,ORIENTPPR
Orient Press ltd.,ORIENTLTD
Orient Tradelink Ltd.,ORIENTTR
ORIENTAL AROMATICS LIMITED,OAL
"Oriental Carbon & Chemicals Ltd.,",OCCL
"Oriental Hotels Ltd.,",ORIENTHOT
ORIENTAL RAIL INFRASTRUCTURE LIMITED,ORIRAIL
Oriental Trimex Limited,ORIENTALTL
Orissa Bengal Carrier Limited,OBCL
Orissa Minerals Development Company Limited,ORISSAMINE
Orosil Smiths India Limited,OROSMITHS
Ortin Laboratories Limited,ORTINLAB
"Oseaspre Consultants Ltd.,",OSEASPR
OSIAJEE TEXFAB LIMITED,OSIAJEE
"Oswal Agro Mills Ltd.,",OSWALAGRO
Oswal Greentech Limited,OSWALGREEN
Oswal Overseas Ltd,OSWALOR
Otco International Ltd,OTCO
Ovobel Foods Ltd.,OVOBELE
OXYGENTA PHARMACEUTICAL LIMITED,OXYGENTAPH
"P.B.M. Polytex Ltd.,",PBMPOLY
P.G.Foils Ltd.,PGFOILQ
P.H. Capital Ltd.,PHCAP
P.M. Telelinnks Limited,PMTELELIN
PACE E-COMMERCE VENTURES LIMITED,PACE
Pacific Industries ltd.,PACIFICI
Padam Cotton Yarns Ltd.,PADAMCO
Padmalaya Telefilms Ltd.,PADMALAYAT
Padmanabh Alloys & Polymers Ltd.,PADALPO
Padmanabh Industries Limited,PADMAIND
Page Industries Ltd.,PAGEIND
PAISALO DIGITAL LIMITED,PAISALO
PAKKA LIMITED,PAKKA
Palash Securities Limited,PALASHSECU
Palco Metals Limited,PALCO
Palm Jewels Limited,PALMJEWELS
Palred Technologies Limited,PALREDTEC
Pan Electronics India Ltd.,PANELEC
Pan India Corporation Ltd,PANINDIAC
PANABYTE TECHNOLOGIES LIMITED,PANABYTE
Panacea Biotec Ltd.,PANACEABIO
PANAFIC INDUSTRIALS LTD,PANAFIC
Panama Petrochem Ltd.,PANAMAPET
Panasonic Carbon India Co.Ltd,PANCARBON
Panasonic Energy India Co. Ltd.,PANAENERG
Panchmahal Steel Ltd.,PANCHMAHQ
Panchsheel Organic Ltd.,PANCHSHEEL
Panjon Ltd.,PANJON
Pankaj Piyush Trade & Inv. Ltd,PANKAJPIYUS
Pankaj Polymers Ltd.,PANKAJPO
PANORAMA STUDIOS INTERNATIONAL LIMITED ,PANORAMA
PANTH INFINITY LIMITED,PANTH
Panyam Cements & Mineral Inds. Ltd.,PANCM
PAOS INDUSTRIES LIMITED,PAOS
Paradeep Phosphates Limited,PARADEEP
Parag Milk Foods Limited,PARAGMILK
Paragon Finance Ltd.,PARAGONF
Paramount Communications Ltd.,PARACABLES
Paramount Cosmetics (India) Ltd,PARMCOS-B
Paras Defence and Space Technologies Limited,PARAS
Paras Petrofils Ltd.,PARASPETRO
Parker Agro Chem Export Ltd.,PARKERAC
PARLE INDUSTRIES LIMITED,PARLEIND
Parmax Pharma Limited,PARMAX
PARMESHWARI SILK MILLS LIMITED,PARMSILK
Parnax Lab Limited,PARNAXLAB
Parshva Enterprises Limited,PARSHVA
Parshwanath Corporation Limited,PARSHWANA
Parsvnath Developers Ltd.,PARSVNATH
Parvati Sweetners and Power Ltd.,PARVATI
Pasari Spinning Mills Ltd.,PASARI
Pasupati Acrylon Ltd.,PASUPTAC
"Pasupati Spg. & Wvg. Mills Ltd.,",PASUSPG
Patanjali Foods Limited,PATANJALI
Patdiam Jewellery Limited,PJL
Patel Engineering Ltd,PATELENG
Patel Integrated Logistics Ltd,PATINTLOG
Patels Airtemp (I) Ltd.,PATELSAI
Patidar Buildcon Limited,PATIDAR
Patron Exim Limited,PATRON
Patspin India Ltd.,PATSPINLTD
Paul Merchants Ltd.,PML
PAUSHAK LIMITED (formerly known as Darshak Limited),PAUSHAKLTD
Pavna Industries Limited,PAVNAIND
PB Fintech Limited,POLICYBZR
PBA INFRASTRUCTURE LTD.,PBAINFRA
PC JEWELLER LIMITED,PCJEWELLER
PCBL LIMITED,PCBL
PCS Technology Ltd.,PCS
PDS LIMITED,PDSL
Pearl Global Industries Limited,PGIL
Pearl Green Clubs and Resorts Limited,PGCRL
Pearl Polymers Ltd.,PEARLPOLY
PECOS Hotels And Pubs Limited,PECOS
"Pee Cee Cosma Sope Ltd.,",PCCOSMA
Peeti Securities Ltd.,PEETISEC
Peninsula Land Limited,PENINLAND
"Pennar Industries Ltd.,",PENIND
Pentokey Organy (India) Ltd.,PNTKYOR
"Peoples Investments Ltd.,",PEOPLIN
Perfect-Octave Media Projects Ltd,OCTAVE
Perfectpac Limited,PERFEPA
Permanent Magnets Ltd.,PERMAGN
Persistent Systems Limited,PERSISTENT
Pervasive Commodities Limited,PERVASIVE
"Pet Plastics Ltd.,",PETPLST
PETRONET LNG LTD.,PETRONET
"Pfizer Ltd.,",PFIZER
PG Electroplast Limited,PGEL
PH Trading Ltd.,PHTRADING
Phaarmasia Limited.,PHRMASI
Pharmaids Pharmaceuticals Ltd.,PHARMAID
Phoenix International Ltd.,PHOENXINTL
PHOENIX TOWNSHIP LIMITED,PHOENIXTN
Photon Capital Advisors Ltd,PHOTON
Photoquip India Ltd.,PHOTOQUP
Phyto Chem (India) Ltd.,PHYTO
PI Industries Limited,PIIND
Piccadily Agro Industries ltd.,PICCADIL
Piccadily Sugar  & Allied Ltd.,PICCASUG
Picturehouse Media Limited,PICTUREHS
Pidilite Industries Ltd.,PIDILITIND
Pil Italica Lifestyle Limited,PILITA
Pilani Investment And Industries Corporation Limited,PILANIINVS
Pioneer Agro Extracts ltd.,PIONAGR
Pioneer Embroideries Ltd.,PIONEEREMB
Pioneer Investcorp Ltd,PIONRINV
Piramal Enterprises Limited,PEL
PIRAMAL PHARMA LIMITED,PPLPHARMA
PITTI ENGINEERING LIMITED,PITTIENG
"Pix Transmissions Ltd.,",PIXTRANS
Plastiblends India Ltd.,PLASTIBLEN
PlatinumOne Business Services Limited,POBS
Plaza Wires Limited,PLAZACABLE
PMC Fincorp Limited,PMCFIN
PNB Gilts Ltd,PNBGILTS
PNB Housing Finance Limited,PNBHOUSING
PNC Infratech Limited,PNCINFRA
PNGS GARGI FASHION JEWELLERY LIMITED,GARGI
POCL ENTERPRISES LTD,POEL
Poddar Housing and Development Limited,PODDARHOUS
Poddar Pigments Ltd.,PODDARMENT
Pokarna Ltd.,POKARNA
Polo Hotels Ltd.,POLOHOT
Polo Queen Industrial and Fintech Limited ,PQIF
"Polson Ltd.,",POLSON
Poly Medicure Ltd,POLYMED
Polycab India Limited,POLYCAB
Polychem Ltd,POLYCHEM
Polycon International Ltd.,POLYCON
Polylink Polymers (india) Ltd.,POLYLINK
Polymac Thermoformers Limited,POLYMAC
"Polymechplast Machines Ltd.,",POLYCHMP
"Polyplex Corporation Ltd.,",POLYPLEX
POLYSPIN EXPORTS LIMITED,POLYSPIN
"Polytex India Ltd.,",POLYTEX
Pondy Oxides & Chemicals Limited,POCL
Ponni Sugars (Erode) Ltd.,PONNIERODE
Pooja Entertainment and Films Ltd.,POOJAENT
Poojawestern Metaliks Limited,POOJA
Poona Dal And Oil Industries Ltd.,POONADAL
POONAWALLA FINCORP LIMITED,POONAWALLA
Popular Estate Management Ltd,POPULARES
PORWAL AUTO COMPONENTS LIMITED,PORWAL
Power & Instrumentation (Gujarat) Limited,PIGL
Power Finance Corporation Ltd,PFC
POWER GRID CORPORATION OF INDIA LIMITED,POWERGRID
Power Mech Projects Limited,POWERMECH
PPAP Automotive Limited,PPAP
PRABHAT TECHNOLOGIES (INDIA) LIMITED,PTIL
PRABHHANS INDUSTRIES LIMITED,PRABHHANS
"Prabhu Steel Industries Ltd.,",ZPRBHSTE
Pradeep Metals Ltd.,PRADPME
PRADHIN LIMITED,PRADHIN
Prag Bosimi Synthetics Ltd.,PRAGBOS
Praj Industries Ltd.,PRAJIND
Prajay Engineers Syndicate Ltd.,PRAENG
"Prakash Industries Ltd.,",PRAKASH
Prakash Pipes Limited,PPL
Prakash Steelage Limited,PRAKASHSTL
Prakash Woollen & Synthetic Mills Ltd ,PWASML
Prashant India Ltd,PRSNTIN
Prataap Snacks Limited,DIAMONDYD
Pratik Panels Ltd.,PRATIK
Pratiksha Chemicals Ltd.,PRATIKSH
PRAVEG LIMITED,PRAVEG
Praxis Home Retail Limited ,PRAXIS
Precision Camshafts Limited,PRECAM
Precision Containeurs Limited.,PRECISION
"Precision Electronics Ltd.,",PRECISIO
"Precision Wires India ltd.,",PRECWIRE
Premco Global Ltd.,PREMCO
"Premier Capital Services Ltd.,",PREMCAP
Premier Explosives Ltd.,PREMEXPLN
Premier Polyfilm Ltd.,PREMIERPOL
"Premier Synthetics Ltd.,",PREMSYN
Prerna Infrabuild Limited,PRERINFRA
Pressure Sensitive Systems (India),PRESSURS
Prestige Estates Projects Limited,PRESTIGE
Prevest Denpro Limited,PREVEST
Pricol Limited,PRICOLLTD
Prima Agro Ltd.,PRIMAGR
Prima Industries Ltd.,PRIMAIN
Prima Plastics Ltd.,PRIMAPLA
Prime Focus Limited,PFOCUS
PRIME FRESH LIMITED,PRIMEFRESH
Prime Industries Ltd.,PRIMIND
Prime Property Development Corporation Ltd.,PRIMEPRO
Prime Securities Ltd.,PRIMESECU
Prime Urban Development India Ltd,PRIMEURB
Primo Chemicals Limited,PRIMO
Prince Pipes and Fittings Limited,PRINCEPIPE
Prism Finance Ltd.,PRISMFN
PRISM JOHNSON LIMITED.,PRSMJOHNSN
Prism Medico and Pharmacy Ltd.,PRISMMEDI
PRISMX GLOBAL VENTURES LIMITED,PRISMX
Prithvi Exchange (India) Limited,PRITHVIEXCH
Pritika Auto Industries Limited,PRITIKAUTO
Pritish Nandy Communications Ltd,PNC
PRIVI SPECIALITY CHEMICALS LIMITED,PRIVISCL
Priya Limited.,PRIYALT
PRO CLB GLOBAL LIMITED,PROCLB
Pro Fin Capital Services Ltd,PROFINC
PROCTER & GAMBLE HEALTH LIMITED,PGHL
Procter & Gamble Hygiene & Health Care Ltd.,PGHH
PROGREX VENTURES LIMITED,PROGREXV
PROMACT IMPEX LIMITED,PROMACT
Promax Power Limited,PROMAX
Prospect Commodities Limited,PCL
Protean eGov Technologies Limited,PROTEAN
PROZONE REALTY LIMITED,PROZONER
Prudent Corporate Advisory Services Limited,PRUDENT
Prudential Sugar Corporation Ltd,PRUDMOULI
PSP Projects Limited,PSPPROJECT
PTC India Financial Services Limited,PFS
PTC India Ltd,PTC
PTC Industries Ltd.,PTCIL
PTL Enterprises Ltd,PTL
Pudumjee Paper Products Limited,PDMJEPAPER
Pulsar International Limited,PULSRIN
"Punctual Trading Ltd.,",PUNCTRD
PUNJAB & SIND BANK,PSB
Punjab Chemicals and Crop Protection Ltd.,PUNJABCHEM
Punjab Communications Limited,PUNJCOMMU
Punjab National Bank,PNB
Puravankara Limited,PURVA
Purity Flex Pack Ltd,PURITY
Purple Entertainment Limited,PURPLE
Purshottam Investofin Limited,PURSHOTTAM
PVP Ventures Ltd,PVP
PVR INOX LIMITED,PVRINOX
PVV Infra Limited,PVVINFRA
Pyramid Technoplast Limited,PYRAMID
Pyxis Finvest Limited,PYXISFIN
QGO FINANCE LIMITED,QGO
Quadrant Televentures Limited,QUADRANT
Quality RO Industries Limited,QRIL
Quantum Asset Management Co. Pvt. Ltd.,QNIFTY
Quantum Build-Tech Limited,QUANTBUILD
Quantum Digital Vision (India) Ltd.,QUANTDIA
Quasar India Limited,QUASAR
Quess Corp Limited,QUESS
QUEST CAPITAL MARKETS LIMITED,QUESTCAP
QUEST SOFTECH (INDIA) LIMITED,QUEST
Quick Heal Technologies Limited,QUICKHEAL
Quint Digital Limited,QUINT
R J BIO-TECH LIMITED,RJBIOTECH
R R KABEL LIMITED,RRKABEL
R S Software India Ltd.,RSSOFTWARE
R Systems International Limited,RSYSTEMS
R.B.Gupta Financials Ltd.,RBGUPTA
"R.J. Shah & Co. Ltd.,",RJSHAH
R.R.Financial Consultants Ltd.,RRFIN
R.R.Securities Ltd.,RRSECUR
R&B Denims Limited,RNBDENIMS
Raaj Medisafe India Limited,RAAJMEDI
RACE ECO CHAIN LIMITED,RACE
RACL Geartech Limited,RACLGEAR
RADAAN MEDIAWORKS (I) LIMITED,RADAAN
Radhagobind Commercial Limited,RCL
Radhe Developers (India) ltd.,RADHEDE
Radhika Jeweltech Limited,RADHIKAJWE
Radiant Cash Management Services Limited,RADIANTCMS
Radico Khaitan Ltd.,RADICO
Radix Industries (India) Limited,RADIXIND
RAGHAV PRODUCTIVITY ENHANCERS LIMITED,RPEL
Raghunath International Ltd.,RAGHUNAT
Raghunath Tobacco Co. Ltd.,RAGHUTOB
Raghuvansh Agrofarms Limited,RAFL
Raghuvir Synthetics Ltd.,RAGHUSYN
Rahul Merchandising ltd.,RAHME
Raideep Industries Limited,RAIDEEPIND
Rail Vikas Nigam Limited,RVNL
RailTel Corporation of India Limited,RAILTEL
Rain Industries Limited,RAIN
Rainbow Children's Medicare Limited,RAINBOW
Rainbow Foundations Ltd,RAINBOWF
RAJ OIL MILLS LIMITED,ROML
Raj Packaging Industries Ltd.,RAJPACK
Raj Rayon Industries Limited,RAJRILTD
Raj Television Network Ltd,RAJTV
Raja Bahadur International Ltd,RAJABAH
Rajapalayam Mills Limited,RAJPALAYAM
Rajasthan Cylinders & Containers Limited,RCCL
Rajasthan Gases Ltd.,RAJGASES
"Rajasthan Petro Synthetics Ltd.,",RAJSPTR
Rajasthan Tube Mfg. Co,RAJTUBE
"Rajdarshan Industries Ltd.,",ARENTERP
Rajesh Exports Ltd.,RAJESHEXPO
Rajeshwari Cans Limited,RCAN
Rajeswari Infrastructure Limited,RAJINFRA
Rajkamal Synthetics Ltd.,RAJKSYN
Rajkot Investment Trust Limited,RAJKOTINV
Rajnish Wellness Limited,RAJNISH
Rajoo Engineers Ltd.,RAJOOENG
Rajputana Investment and Finance Ltd.,RAJPUTANA
Rajratan Global Wire Ltd,RAJRATAN
"Rajshree Sugars & Chemicals Ltd.,",RAJSREESUG
RAJVI LOGITRADE LIMITED,RAJVI
Rallis India Ltd,RALLIS
Ram Ratna Wires Ltd.,RAMRAT
"Rama Paper Mills Limited,",RAMAPPR-B
Rama Phosphates Ltd.,RAMAPHO
Rama Steel Tubes Limited,RAMASTEEL
Rama Vision Ltd,RAMAVISION
Ramasigns Industries Limited,RAMASIGNS
Ramchandra Leasing & Finance Limited,RLFL
Ramco Industries Ltd,RAMCOIND
Ramco Systems Ltd,RAMCOSYS
Ramgopal Polytex Ltd,RAMGOPOLY
RAMINFO LIMITED,RAMINFO
ramkrishna forgings Ltd.,RKFORGE
Ramky Infrastructure Limited,RAMKY
Ramsons Projects Ltd.,RAMSONS
Rana Sugars Ltd.,RANASUG
Rander Corporation Ltd.,RANDER
Rane (Madras)  Ltd.,RML
Rane Brake Lining Limited,RBL
Rane Engine Valve Limited,RANEENGINE
Rane Holdings Ltd.,RANEHOLDIN
Ranjeet Mechatronics Limited,RANJEET
Rap Media Ltd.,RAP
"Rapicut Carbides Ltd.,",RAPICUT
"Ras Resorts & Apart Hotels Ltd.,",RASRESOR
Rasandik Engg. Industries India Ltd,RASANDIK
Rashtriya Chemicals & Fertilizers Limited,RCF
Rasi Electrodes Ltd.,RASIELEC
RateGain Travel Technologies Limited,RATEGAIN
RATHI BARS LIMITED,RATHIBAR
"Rathi Steel & Power Ltd,",RATHIST
Ratnabhumi Developers Limited,RATNABHUMI
Ratnamani Metals & Tubes Ltd,RATNAMANI
Ratnaveer Precision Engineering Limited,RATNAVEER
RATTANINDIA ENTERPRISES LIMITED,RTNINDIA
RattanIndia Power Limited,RTNPOWER
Raunaq EPC International Limited,RAUNAQEPC
Ravi Kumar Distilleries Limited,RKDL
Ravileela Granites Limited,RALEGRA
Ravinder Heights Limited,RVHL
RAVINDRA ENERGY LIMITED,RELTD
Raw Edge Industrial Solutions Limited,RAWEDGE
Raymond Limited,RAYMOND
RBL Bank Limited,RBLBANK
RBZ Jewellers Limited,RBZJEWEL
RDB Rasayans Limited,RDBRL
RDB Realty & Infrastructure Limited,RDBRIL
REAL ECO-ENERGY LIMITED,REALECO
Real Touch Finance Limited,RTFL
REC LIMITED,RECLTD
Redington Limited,REDINGTON
REDTAPE Limited,REDTAPE
REETECH INTERNATIONAL CARGO AND COURIER LIMITED,REETECH
Refex Industries Limited,REFEX
Refex Renewables & Infrastructure Limited,REFEXRENEW
Regency Ceramics Ltd,REGENCERAM
REGENCY FINCORP LIMITED,REGENCY
Regency Trust Ltd.,REGTRUS
Regent Enterprises Limited,REGENTRP
REGIS INDUSTRIES LIMITED,REGIS
Relaxo Footwears Ltd.,RELAXO
Reliable Ventures India Ltd,RELIABVEN
"Reliance Chemotex Industries Ltd.,",RELCHEMQ
Reliance Home Finance Limited,RHFL
Reliance Industrial Infrastructure,RIIL
Reliance Industries Ltd,RELIANCE
Reliance Infrastructure Ltd,RELINFRA
Reliance Mutual Fund-Permitted,NIFTYBEES
Reliance Mutual Fund-Permitted,JUNIORBEES
Reliance Mutual Fund-Permitted,BANKBEES
Reliance Mutual Fund-Permitted,PSUBNKBEES
Reliance Mutual Fund-Permitted,SHARIABEES
Reliance Power Limited,RPOWER
Relic Technologies Ltd.,RELICTEC
Relicab Cable Manufacturing Limited,RELICAB
Religare Enterprises Ltd,RELIGARE
REMEDIUM LIFECARE LIMITED,REMLIFE
Remi Edelstahl Tubulars Limited,REMIEDEL
Remsons Industries Ltd.,REMSONSIND
RENAISSANCE GLOBAL LIMITED,RGL
Repco Home Finance Limited,REPCOHOME
Repro India Ltd.,REPRO
RESGEN LIMITED,RESGEN
Resonance Specialties Limited,RESONANCE
Response Informatics Limited,RESPONSINF
Responsive Industries Ltd,RESPONIND
Restaurant Brands Asia Limited,RBA
Restile Ceramics Ltd.,RESTILE
Retina Paints Limited,RETINA
Retro Green Revolution Limited,RGRL
Revati Organics Ltd.,REVAORG
Rex Sealing and Packing Industries Limited,REXSEAL
Rexnord Electronics & Controls Ltd.,REXNORD
RGF Capital Markets Limited,RGF
Rhetan TMT Limited,RHETAN
RHI MAGNESITA INDIA LIMITED,RHIM
Riba Textiles Ltd.,RIBATEX
Rich Universe Network Ltd,RICHUNV
Richa Industries Limited,RICHAIND
Richfield Financial Services Ltd.,RFSL
RICO Auto Industries Ltd.,RICOAUTO
Riddhi Corporate Services Limited,RIDDHICORP
Riddhi Siddhi Gluco Biols Ltd,RIDDHI
Riddhi Steel and Tube Limited,RSTL
Ridhi Synthetics Ltd.,RIDHISYN
Ridings Consulting Engineers India Limited,RIDINGS
RIR POWER ELECTRONICS LIMITED,RIR
Risa International Limited,RISAINTL
Rishabh Digha Steel And Allied Prod,RISHDIGA
Rishabh Instruments Limited,RISHABH
Rishi Laser  Ltd.,RISHILASE
Rishi Techtex Limited,RISHITECH
Rishiroop Limited,RISHIROOP
RITA FINANCE AND LEASING LIMITED,RFLL
Ritco Logistics Limited,RITCO
RITES Limited,RITES
Ritesh International Ltd,RITESHIN
Rithwik Facility Management Services Limited,RITHWIKFMS
RLF Ltd.,RLF
RMC SWITCHGEARS LIMITED,RMC
RO Jewels Limited,ROJL
ROBUST HOTELS LIMITED,RHL
Rodium Realty Limited,RODIUM
"Rolcon Engineering Co. Ltd.,",ROLCOEN
Rolex Rings Limited,ROLEXRINGS
"Rollatainters Ltd.,",ROLLT
Roni Households Limited,RONI
Roopa Industries Ltd.,ROOPAIND
Roopshri Resorts Limited,ROOPSHRI
Rose Merc.Limited,ROSEMER
Roselabs Finance Ltd.,ROSELABS
ROSSARI BIOTECH LIMITED,ROSSARI
Rossell India Limited,ROSSELLIND
Roto Pumps Ltd.,ROTO
Route Mobile Limited,ROUTE
Royal Cushion Vinyl Products Ltd.,ROYALCU
Royal India Corporation Limited,ROYALIND
Royal Orchid Hotels Ltd,ROHLTD
Royale Manor Hotels & Industries Lt,RAYALEMA
RPG Life Sciences Limited,RPGLIFE
RPP INFRA PROJECTS LIMITED,RPPINFRA
RPSG VENTURES LIMITED,RPSGVENT
RRIL LIMITED,RRIL
RSC International Limited,RSCINT
RSD Finance Limited,RSDFIN
RSWM Limited,RSWM
RTS Power Corporation Ltd.,RTSPOWR
Rubfila International Ltd.,RUBFILA
"Ruby Mills Ltd.,",RUBYMILLS
Ruchi Infrastructure Ltd,RUCHINFRA
Ruchira Papers Ltd,RUCHIRA
RUDRA GLOBAL INFRA PRODUCTS LIMITED,RUDRA
Rungta Irrigation Ltd.,RUNGTAIR
RUPA & COMPANY LIMITED,RUPA
Rushil Decor Limited,RUSHIL
"S & S Power Switchgears Ltd.,",S&SPOWER
S & T Corporation Limited,STCORP
S Chand And Company Limited,SCHAND
S H Kelkar and Company Limited,SHK
S R G SECURITIES FINANCE LIMITED,SRGSFL
S V Global Mill Limited,SVGLOBAL
S. M. Gold Limited,SMGOLD
S.A.L. Steel Ltd.,SALSTEEL
S.I.Capital And Financial Services,SICAPIT
S.J.S. Enterprises Limited,SJS
S.P. Apparels Limited,SPAL
S.P.Capital Financing Ltd.,SPCAPIT
S.R.Industries Ltd.,SRIND
"S.V. Trading & Agencies Ltd.,",ZSVTRADI
S.V.J.ENTERPRISES LIMITED,SVJ
Sab Events & Governance Now Media Limited,SABEVENTS
SAB INDUSTRIES LIMITED,SAB
Saboo Brothers Ltd.,SABOOBR
Saboo Sodium Chloro Ltd.,SABOOSOD
Sacheta Metals Ltd.,SACHEMT
Sadbhav Engineering Ltd.,SADBHAV
Sadbhav Infrastructure Project Limited,SADBHIN
"Sadhana Nitrochem Ltd.,",SADHNANIQ
SADHNA BROADCAST LTD,SADHNA
Safa Systems & Technologies Limited,SSTL
"Safari Industries (India) Ltd.,",SAFARI
Saffron Industries Limited,SAFFRON
Sagar Cements Ltd,SAGCEM
Sagar Diamonds Limited,SAGAR
Sagar Productions Limited,SAGARPROD
"Sagar Soya Products Ltd.,",SAGRSOY-B
Sagar Systech Ltd.,SAGARSYST
Sagarsoft (India) Limited,SAGARSOFT
Sah Polymers Limited,SAH
Sahara HousingFina Corporation Ltd.,SAHARAHOUS
Sahara Maritime Limited,SMARITIME
SAHYADRI INDUSTRIES LTD.,SAHYADRI
Sai Capital Ltd.,SAICAPI
Sai Silks (Kalamandir) Limited,KALAMANDIR
Saianand Commercial Limited,SAICOM
SAILANI TOURS N TRAVELS LIMITED,SAILANI
Sainik Finance and Industries Ltd,SAINIK
Saint-Gobain Sekurit India Ltd.,SAINTGOBAIN
Saksoft Limited,SAKSOFT
"Sakthi Finance Ltd.,",SAKTHIFIN
Sakthi Sugars Ltd.,SAKHTISUG
Sakuma Exports Ltd.,SAKUMA
SAL AUTOMOTIVE LIMITED,SALAUTO
Salasar Techno Engineering Limited,SALASAR
Salem Erode Investments Ltd.,SALEM
Salona Cotspin Ltd.,SALONA
Salora International Limited,SALORAINTL
"Salzer Electronics Ltd.,",SALZERELEC
Sam Industries Ltd.,SAMINDUS
Sambandam Spinning Mills Ltd.,SAMBANDAM
Sambhaav Media Ltd.,SAMBHAAV
Samhi Hotels Limited,SAMHI
Samkrg Pistons and Rings Ltd.,SAMKRG
Samor Reality Limited,SAMOR
Sampann Utpadan India Limited,SAMPANN
Sampre Nutritions Ltd.,SAMPRE
Samrat Forgings Limited,SAMRATFORG
Samrat Pharmachem Ltd.,SAMRATPH
SAMSRITA LABS LIMITED,SAMSRITA
Samtex Fashions Ltd.,SAMTEX
Samvardhana Motherson International Limited,MOTHERSON
Samyak International Limited,SAMYAKINT
Sanathnagar Enterprises Limited,SEL
Sanblue Corporation Limited,SANBLUE
Sanchay Finvest Ltd,SANCF
"Sanco Trans Ltd.,",SANCTRN
Sancode Technologies Limited,SANCODE
Sandesh Ltd.,SANDESH
Sandhar Technologies Limited,SANDHAR
Sandu Pharmaceuticals Ltd.,SANDUPHQ
"Sandur Manganese & Iron Ores Ltd.,",SANDUMA
Sangal Papers Ltd.,SANPA
Sangam (India) Ltd,SANGAMIND
Sangam Finserv Limited,SANGAMFIN
Sanghi Industries Ltd.,SANGHIIND
Sanghvi Brands Limited,SBRANDS
Sanghvi Movers Ltd.,SANGHVIMOV
Sanjivani Paranteral Ltd.,SANJIVIN
Sanmit Infra Limited,SANINFRA
"Sanmitra Commercial Ltd.,",ZSANMCOM
Sanofi India Ltd,SANOFI
Sanrhea Technical Textiles Ltd.,SANTETX
Sansera Engineering Limited,SANSERA
Santosh Fine-Fab Ltd.,SANTOSHF
Sapphire Foods India Limited,SAPPHIRE
Saptak Chem And Business Limited,SCBL
Saptarishi Agro Industries Ltd,SPTRSHI
Sar  Auto Products Limited,SAPL
"Saraswati Commercial (India) Ltd.,",ZSARACOM
Sarda Energy & Minerals Ltd,SARDAEN
Sarda Proteins Ltd,SRDAPRT
Saregama India Ltd.,SAREGAMA
Sarla Performance Fibers Ltd,SARLAPOLY
Sarthak Industries Ltd.,SARTHAKIND
Sarthak Metals Limited,SMLT
"Sarvamangal Mercantile Co. Ltd.,",ZSARVAMA
Sarveshwar Foods Limited,SARVESHWAR
Sarvottam Finvest Limited,SARVOTTAM
Sashwat Technocrats Limited,SASHWAT
Sasken Technologies Limited,SASKEN
Sastasundar Ventures Limited,SASTASUNDR
Sat Industries Ltd,SATINDLTD
SATCHMO HOLDINGS LIMITED,SATCH
SATIA INDUSTRIES LIMITED,SATIA
Satiate Agri Limited,SATAGRI
SATIN CREDITCARE NETWORK LIMITED,SATIN
Satra Properties(India) Ltd,SATRAPROP
Satyam Silk Mills Ltd,ZSATYASL
Saumya Consultants Ltd.,SAUMYA
Saurashtra Cement Limited,SAURASHCEM
Saven Technologies Ltd.,7TEC
Savera Industries Ltd.,SAVERA
Savita Oil Technologies Limited,SOTL
Sawaca Business Machines Ltd.,SAWABUSI
Sayaji Hotel Ltd,SAYAJIHOTL
Sayaji Industries Limited,SAYAJIIND
SBC EXPORTS LIMITED,SBC
SBEC Sugar Ltd.,SBECSUG
SBEC Systems (Ind) Ltd.,SBECSYS
SBFC Finance Limited,SBFC
SBI CARDS AND PAYMENT SERVICES LIMITED,SBICARD
SBI Life Insurance Company Limited,SBILIFE
SBI Mutual Fund,SBISENSEX
SBI Mutual Fund,SETFBSE100
SBI Mutual Fund,SETFSN50
SBI Mutual Fund-Permitted,SETFNIFBK
SBI Mutual Fund-Permitted,SETFNIF50
SBL Infratech Limited,SBLI
SC Agrotech Limited,SCAGRO
Scan Projects Ltd,SCANPRO
Scan Steels Limited,SCANSTL
Scanpoint Geomatics Limited,SCANPGEOM
Scarnose International Limited,SCARNOSE
Schaeffler India Limited,SCHAEFFLER
SCHNEIDER ELECTRIC INFRASTRUCTURE LIMITED,SCHNEIDER
Scintilla Commercial & Credit  Limited,SCC
SCOOBEE DAY GARMENTS (INDIA) LIMITED,SCOOBEEDAY
"Scooters India Ltd.,",SCOOTER
SDC TECHMEDIA LIMITED,SDC
SEA TV Network Limited,SEATV
SEACOAST SHIPPING SERVICES LIMITED,SEACOAST
Sealmatic India Limited,SEALMATIC
Seamec Ltd,SEAMECLTD
Seasons Textiles Ltd,SEASONST
Secmark Consultancy Limited,SECMARK
SecUR Credentials Limited,SECURCRED
SECUREKLOUD TECHNOLOGIES LIMITED,SECURKLOUD
SEL Manufacturing Company Limited,SELMC
Selan Exploration Technology Ltd.,SELAN
SELLWIN TRADERS LIMITED,SELLWIN
SEMAC CONSULTANTS LIMITED,SEMAC
Senco Gold Limited,SENCO
Senthil Infotek Limited,SENINFO
SEPC LIMITED,SEPC
Sequent Scientific Limited,SEQUENT
SERA INVESTMENTS & FINANCE INDIA LIMITED,SERA
SERVOTEACH INDUSTRIES LTD,SERVOTEACH
"Seshasayee Paper & Boards Ltd.,",SESHAPAPER
Setco Automotive Limited,SETCO
Seven Hill Industries Limited,SEVENHILL
Seya Industries Ltd,SEYAIND
SG FINSERVE LIMITED,SGFIN
SG MART LIMITED,SGMART
SGN Telecoms Ltd.,SGNTE
Shah Alloys Limited,SHAHALLOYS
"Shah Construction Co. Ltd.,",SHAHCON
Shah Foods Ltd,SHAHFOOD
SHAH METACORP LIMITED,SHAH
Shahlon Silk Industries Limited,SHAHLON
Shaily Engineering Plastics Ltd.,SHAILY
Shakti Pumps (India) Ltd.,SHAKTIPUMP
Shalby Limited,SHALBY
Shalibhadra Finance Ltd.,SAHLIBHFI
Shalimar Paints Ltd.,SHALPAINTS
Shalimar Productions Ltd.,SHALPRO
Shalimar Wires Industries Ltd.,SHALIWIR
Shamrock Industrial Co. Ltd.,SHAMROIN
SHANGAR DECOR LIMITED,SHANGAR
Shankar Lal Rampal Dye-Chem Limited,SRD
Shankara Building Products Limited,SHANKARA
Shantai Industries Limited,SHANTAI
Shantanu Sheorey Aquakult ltd.,SHAQUAK
"Shanthi Gears Ltd.,",SHANTIGEAR
Shanti Educational Initiatives Limited,SEIL
SHANTI GURU INDUSTRIES LIMITED,SHANTIGURU
SHANTI SPINTEX LIMITED,SHANTIDENM
SHANTIDOOT INFRA SERVICES LIMITED,SISL
SHARANAM INFRAPROJECT AND TRADING LIMITED,SIPTL
Sharat Industries Ltd.,SHINDL
Sharda Cropchem Limited,SHARDACROP
Sharda Ispat Ltd.,SHRDAIS
Sharda Motor Industries Ltd,SHARDAMOTR
Shardul Securities Ltd.,SHARDUL
Share India Securities Limited,SHAREINDIA
SHARIKA ENTERPRISES LIMITED,SHARIKA
SHARP INVESTMENTS LTD,SHARPINV
SHARPLINE BROADCAST LIMITED,SHARPLINE
Shashijit Infraprojects Limited,SHASHIJIT
Shashwat Furnishing Solutions Limited,SFSL
Sheela Foam Limited,SFL
SHEETAL COOL PRODUCTS LIMITED,SCPL
Sheetal Diamonds Ltd.,SHEETAL
Shekhawati Poly-Yarn Limited,SPYL
Shelter Infra Projects Limited,SIPL
SHELTER PHARMA LIMITED,SHELTER
SHEMAROO ENTERTAINMENT LIMITED,SHEMAROO
"Sheraton Properties & Finance Ltd.,",ZSHERAPR
Shervani Industrial syndicate Ltd,SHERVANI
SHESHADRI INDUSTRIES LIMITED,SHESHAINDS
Shetron Ltd.,SHETR
Shikhar Leasing and Trading Ltd.,SHIKHARLETR
Shilchar Technologies Ltd.,SHILCTECH
Shilp Gravures Ltd.,SHILGRAVQ
Shilpa Medicare Ltd.,SHILPAMED
Shine Fashions (India) Limited,SHINEFASH
Shipping Corporation Of India Ltd,SCI
Shish Industries Limited,SHISHIND
Shiva Cement Ltd.,SHIVACEM
Shiva Global Agro Industries Limited,SHIVAAGRO
Shiva Granito Export Limited,SHIVAEXPO
Shiva Mills Limited,SHIVAMILLS
"Shiva Suitings Ltd.,",SHVSUIT
Shiva Texyarn Ltd.,SHIVATEX
"Shivalik Bimetal Controls Ltd.,",SBCL
Shivalik Rasayan Ltd.,SHIVALIK
SHIVAM AUTOTECH LIMITED,SHIVAMAUTO
Shivansh Finserv Limited,SHIVA
Shivkamal Impex Limited,SHIVKAMAL
Shoora Designs Limited,SHOORA
Shoppers Stop Ltd,SHOPERSTOP
SHRADDHA PRIME PROJECTS LTD,SHRADDHA
Shradha AI Technologies Limited,SHRAAITECH
Shree Ajit Pulp And Paper Ltd.,SAPPL
Shree Bhavya Fabrics Limited,SBFL
"Shree Cements Ltd.,",SHREECEM
"Shree Digvijay Cement Co. Ltd.,",SHREDIGCEM
Shree Ganesh Biotech (India) Limited,SHREEGANES
Shree Ganesh Elastoplast Ltd,SHGANEL
Shree Ganesh Remedies Limited,SGRL
SHREE HANUMAN SUGAR & INDUSTRIES LTD.,HANSUGAR
"Shree Hari Chemicals Export Ltd.,",SHHARICH
Shree Karthik Papers Ltd.,SHKARTP
Shree Krishna Infrastructure Limited,SKIFL
Shree Krishna Paper Mills & Industr,SKPMIL
Shree Metalloys Limited,SHREMETAL
Shree Pacetronix Ltd,SHREEPAC
Shree Precoated Steels Limited,SPSL
Shree Pushkar Chemicals & Fertilisers Limited,SHREEPUSHK
Shree Rama Multi-tech Ltd.,SHREERAMA
Shree Rama Newsprint Limited,RAMANEWS
Shree Renuka Sugars Ltd.,RENUKA
"Shree Salasar Investment Ltd.,",SALSAIN
Shree Securities Ltd.,SHREESEC
Shree Steel Wire Ropes Ltd.,SSWRL
Shree Vatsaa Finance & Leasing Ltd.,SHVFL
Shreeji Translogistics Limited,STL
"Shreenath Investments Co. Ltd.,",SHRENTI
Shreeshay Engineers Limited,SHREESHAY
"Shreyans Industries Limited.,",SHREYANIND
Shreyas Intermediates Ltd.,SHREYASI
Shreyas Shipping And Logistics Limited,SHREYAS
SHRI BAJRANG ALLIANCE LIMITED,SHBAJRG
Shri Balaji Valve Components Limited,SBVCL
"Shri Dinesh Mills Ltd.,",SHRIDINE
Shri Gang Industries & Allied Products Limited,SHRIGANG
Shri Jagdamba Polymers Ltd,SHRJAGP
Shri Kalyan Holdings Ltd.,SHKALYN
Shri Keshav Cements and Infra Limited,SKCIL
Shri Krishna Devcon Limited,SHRIKRISH
Shri Niwas Leasing and Finance Limited,SHRINIWAS
SHRI VASUPRADA PLANTATIONS LIMITED,VASUPRADA
Shri Venkatesh Refineries Limited,SVRL
"Shricon Industries Ltd.,",SHRICON
Shriram Asset Management Co.Ltd.,SRAMSET
Shriram Finance Limited,SHRIRAMFIN
Shriram Properties Limited,SHRIRAMPPS
SHRISTI INFRASTRUCTURE DEVELOPMENT CORPORATION LTD.,SHRISTI
SHRYDUS INDUSTRIES LIMITED,SHRYDUS
Shubham Polyspin Limited,SHUBHAM
Shukra Bullions Limited,SKRABUL
Shukra Jewellers Limited,SHUKJEW
Shukra Pharmaceuticals Limited,SHUKRAPHAR
Shyam Century Ferrous Limited,SHYAMCENT
Shyam Metalics and Energy Limited,SHYAMMETL
Shyam Telecom Ltd.,SHYAMTEL
Shyama Infosys Ltd.,SHYAMAINFO
"Shyamkamal Investments Ltd.,",SHYMINV
Sibar Auto Parts Ltd.,SIBARAUT
Sicagen India Limited,SICAGEN
Sical Logistics Limited,SICALLOG
Siddha Ventures Limited,SIDDHA
Siddheswari Garments Ltd.,SIDDHEGA
Siel Financial Services Ltd.,SIELFNS
"Siemens Ltd.,",SIEMENS
Sigachi Industries Limited,SIGACHI
SIGMA SOLVE LIMITED,SIGMA
SIGNATUREGLOBAL (INDIA) LIMITED,SIGNATURE
Signet Industries Limited,SIGIND
"Sika Interplant Systems Ltd.,",SIKA
SIL Investments Ltd,SILINV
SILICON RENTAL SOLUTIONS LIMITED,SRSOLTD
Silver Oak (India) Ltd.,SILVOAK
Silver Pearl Hospitality & Luxury Spaces Limited,SILVERPRL
Silver Touch Technologies Limited,SILVERTUC
Simbhaoli Sugars Ltd,SIMBHALS
Simmonds-Marshall Ltd,SIMMOND
Simplex Castings Ltd.,SIMPLEXCAS
Simplex Infrastructures Limited,SIMPLEXINF
SIMPLEX MILLS COMPANY LIMITED,SIMPLXMIL
SIMPLEX PAPERS LTD.,SIMPLXPAP
Simplex Realty Limited,SIMPLXREA
Simran Farms Ltd.,SIMRAN
Sinclairs Hotels  Ltd,SINCLAIR
Sindhu Trade Links Limited,SINDHUTRAD
Sindu Valley Technologies Ltd.,SINDUVA
Singer India Limited,SINGER
"Sinnar Bidi Udyog Ltd.,",SINNAR
Sir Shadi Lal Enterprises Ltd,SSLEL
Sirca Paints India Limited,SIRCA
Sirohia & Sons Limited,SIROHIA
SIS LIMITED,SIS
Sita Enterprises LTD.,SITAENT
Siti Networks Limited,SITINET
Siyaram Recycling Industries Limited,SIYARAM
"Siyaram Silk Mills Ltd.,",SIYSIL
SIZEMASTERS TECHNOLOGY LIMITED,SIZEMASTER
SJVN LIMITED,SJVN
SK International Export Limited,SKIEL
SKF India Ltd.,SKFINDIA
Skipper Limited,SKIPPER
SKM Egg Products Exports (India) Lt,SKMEGGPROD
SKP Securities Ltd.,SKPSEC
SKY GOLD LIMITED,SKYGOLD
Sky Industries Ltd,SKYIND
Skyline Millars Ltd,SKYLMILAR
SM Auto Stamping Limited,SMAUTO
Smart Finsec Limited,SMARTFIN
Smartlink Holdings Limited,SMARTLINK
SMC Credits ltd.,SMCREDT
SMC Global Securities Limited,SMCGLOBAL
"SMIFS Capital Markets Ltd.,",SMIFS
Smiths & Founders (India) Limited,SMFIL
SML ISUZU LIMITED,SMLISUZU
Smruthi Organics Limited,SMRUTHIORG
SMS Lifesciences India Ltd,SMSLIFE
SMS Pharmaceuticals Ltd,SMSPHARMA
SNL Bearings Ltd.,SNL
SNOWMAN LOGISTICS LIMITED,SNOWMAN
Sobha Limited,SOBHA
Sobhagya Merchantile Ltd.,SOBME
SOFCOM SYSTEMS LIMITED,SOFCOM
Softbpo Global Services Ltd.,SOFTBPO
Softrak Venture Investments Ltd.,SOFTRAKV
SoftSol India Limited.,SOFTSOL
SoftTech Engineers Limited,SOFTTECH
Solar Industries India Limited,SOLARINDS
SOLARA ACTIVE PHARMA SCIENCES LIMITED,SOLARA
Solid Stone Company Ltd.,SOLIDSTON
Solitaire Machine Tools Ltd,SOLIMAC
Som Datt Finance Corporation Ltd.,SODFC
Som Distilleries & Breweries Ltd.,SDBL
Soma Textile & Industries Ltd,SOMATEX
Somany Ceramics Limited,SOMANYCERA
SOMI CONVEYOR BELTINGS LIMITED,SOMICONVEY
Sona BLW Precision Forgings Limited,SONACOMS
Sonal Adhesives Ltd.,SONALAD
Sonal Mercantile Limited,SONAL
Sonalis Consumer Products Limited,SONALIS
Sonata Software Ltd.,SONATSOFTW
Soni Medicare Limited,SML
Sophia Traexpo Limited,STRAEXPO
Source Natural Foods & Herbal Suppl Ltd,SOURCENTRL
South Asian Enteprises Ltd.,SAENTER
South India Paper Mills Ltd.,STHINPA
South Indian Bank Ltd.,SOUTHBANK
South West Pinnacle Exploration Limited,SOUTHWEST
"Southern Gas Ltd.,",ZSOUTGAS
Southern Infosys Limited,SOUTHERNIN
Southern Latex Ltd.,SOUTLAT
Southern Magnesium And Chemicals Lt,SOUTHMG
Southern Petrochemical Industries Corporation Limited,SPIC
Sovereign Diamonds Ltd,SOVERDIA
SPA Capital Services Limited,SPACAPS
Space Incubatrics Technologies Limited,SPACEINCUBA
Span Divergent Limited,SDL
Spandana Sphoorty Financial Limited,SPANDANA
SPARC ELECTREX LIMITED,SPAR
Speciality Restaurants Limited,SPECIALITY
Spectra Industries Ltd.,SPECTRA
Spectrum Foods Limited,SPECFOOD
"Speedage Commercials Ltd.,",ZSPEEDCO
SPEL Semiconductor Ltd.,SPELS
Spencer's Retail Limited,SPENCERS
Spenta International Ltd.,SPENTA
Spice Islands Apparels ltd.,SPICEISL
SpiceJet Limited,SPICEJET
SPL INDUSTRIES LIMITED,SPLIL
SPML Infra Limited,SPMLINFRA
Sportking India Ltd.,SPORTKING
Sprayking Agro Equipment Limited,SPRAYKING
SPS Finquest Limited,SPS
SPV GLOBAL TRADING LIMITED,SPVGLOBAL
Square Four Projects India Limited,SFPIL
Sree chem Resins Ltd,SRECR
Sree Jayalakshmi Autospin Ltd.,SREEJAYA
Sree Rayalaseema Hi-Strength Hypo Limited,SRHHYPOLTD
Sreeleathers Limited,SREEL
Srestha Finvest Limited,SRESTHA
"SRF Ltd.,",SRF
SRG Housing Finance Limited,SRGHFL
Sri Adhikari Brothers Television Ne,SABTN
SRI AMARNATH FINANCE LIMITED,AMARNATH
SRI HAVISHA HOSPITALITY AND INFRASTRUCTURE LIMITED,HAVISHA
Sri KPR Industries Ltd,SRIKPRIND
Sri Lakshmi Saraswathi Textiles (Ar,SLSTLQ
Sri Nachammai Cotton Mills Ltd.,SRINACHA
Sri Ramakrishna Mills (Coimbatore) Ltd.,SRMCL
SRM Energy Limited,SRMENERGY
SRU Steels Limited,SRUSTEELS
SSPDL Limited,SSPDL
"Standard Batteries Ltd.,",STDBAT
Standard Capital Markets Ltd.,STANCAP
Standard Industries Ltd.,SIL
Standard Surfactants Ltd.,STDSFAC
Stanpacks (India) Ltd.,STANPACK
Stanrose Mafatlal Investments & Fin,STANROS
Star Cement Limited,STARCEMENT
STAR DELTA TRANSFORMERS LIMITED,STARDELTA
Star Health and Allied Insurance Company Limited,STARHEALTH
STAR HOUSING FINANCE LIMITED,STARHFL
Star Paper Mills Ltd.,STARPAPER
STARLINEPS ENTERPRISES LIMITED,STARLENT
Starlite Components Ltd.,STARLITE
Starlog Enterprises Limited,STARLOG
STARTECK FINANCE LIMITED,STARTECK
"State Bank Of India,",SBIN
State Trading Corporation of India,STCINDIA
"Steel Authority of India Ltd.,",SAIL
Steel Exchange India Ltd.,STEELXIND
Steel Strips & Wheels Ltd,SSWL
Steel Strips Infrastructures Limited,STLSTRINF
Steelcast Ltd.,STEELCAS
STEELMAN TELECOM LIMITED,STML
STEL Holdings Limited,STEL
STELLAR CAPITAL SERVICES LIMITED,STELLAR
Step Two Corporation Ltd.,STEP2COR
STEPHANOTIS FINANCE LIMITED,STEPHANOTIS
STERLING AND WILSON RENEWABLE ENERGY LIMITED,SWSOLAR
Sterling Green  Woods  Limited,STRGRENWO
Sterling Guarantee & Fin. Ltd,STRLGUA
Sterling Powergensys Limited,STERPOW
Sterling Tools Ltd.,STERTOOLS
Sterlite Technologies Limited.,STLTECH
STL Global Ltd,SGL
STOVE KRAFT LIMITED,STOVEKRAFT
Stovec Industries Ltd.,STOVACQ
STRATMONT INDUSTRIES LIMITED,STRATMONT
STRIDES PHARMA SCIENCE LIMITED,STAR
Sturdy Industries Ltd.,STURDY
Stylam Industries Limited,STYLAMIND
Styrenix Performance Materials Limited,STYRENIX
Subex  Ltd,SUBEXLTD
Subhash Silk Mills Ltd.,SUBSM
"Subros Ltd.,",SUBROS
Sudal Industries Limited,SUDAI
"Sudarshan Chemical Indus. Ltd.,",SUDARSCHEM
SUDARSHAN PHARMA INDUSTRIES LIMITED,SUDARSHAN
Suditi Industries Ltd.,SUDTIND-B
Sueryaa Knitwear Limited,SUERYAAKNI
Sugal & Damani Share Brokers Ltd.,SUGALDAM
Sujala Trading & Holdings Ltd.,SUJALA
Sukhjit Starch & Chemicals Ltd.,SUKHJITS
Sula Vineyards Limited,SULA
Sulabh Engineers & Services Limited,SULABEN
Sumedha Fiscal Services Ltd.,SUMEDHA
Sumeru Industries Ltd.,SUMERUIND
SUMITOMO CHEMICAL INDIA LIMITED,SUMICHEM
SUMMIT SECURITIES LTD.,SUMMITSEC
Sumuka Agro Industries Limited,SUMUKA
Sun Pharma Advanced Research Company Ltd.,SPARC
Sun Pharmaceutical Industries Ltd.,SUNPHARMA
Sun Retail Limited,SUNRETAIL
SUN TV NETWORK LIMITED,SUNTV
Suncare Traders Limited,SCTL
Suncity Synthetics Ltd.,SUNCITYSY
SUNDARAM BRAKE LININGS LTD,SUNDRMBRAK
SUNDARAM FINANCE LTD,SUNDARMFIN
Sundaram Multi Pap Ltd.,SUNDARAM
SUNDARAM-CLAYTON LIMITED,SUNCLAY
"Sundram Fasteners Ltd.,",SUNDRMFAST
"Sunflag Iron & Steel Co. Ltd.,",SUNFLAG
Sungold Capital Ltd.,SUNGOLD
Sungold Media and Entertainment Limited,SMEL
Sunil Agro Foods ltd.,SUNILAGR
Sunil Healthcare Limited,SUNLOC
"Sunil Industries Ltd.,",SUNILTX
Sunita Tools Limited,SUNITATOOL
Sunraj Diamond Exports Ltd.,SUNRAJDI
Sunrise Efficient Marketing Limited,SEML
"Sunrise Industrial Traders Ltd.,",SUNRINV
Sunshield Chemicals Ltd.,SUNSHIEL
Sunshine Capital Ltd.,SCL
Sunteck Realty Ltd,SUNTECK
Super Bakers (India) Ltd.,SUPERBAK
Super Crop Safe Ltd.,SUCROSA
SUPER FINE KNITTERS LIMITED,SKL
Super Sales India Ltd.,SUPER
Super Spinning Mills Ltd.,SUPERSPIN
Super Tannery Limited,SUPTANERY
Superhouse limited,SUPERHOUSE
Superior Finlease Limited,SUPERIOR
Superior Industrial Enterprises Limited,SIEL
Supershakti Metaliks Limited,SUPERSHAKT
Supertex Industries Ltd,SUPERTEX
Supra Pacific Financial Services Limited,SUPRAPFSL
Suprajit Engineering Ltd.,SUPRAJIT
Supreme Holdings & Hospitality (India) Ltd,SUPREME
"Supreme Industries Ltd.,",SUPREMEIND
Supreme Infrastructure India Limited,SUPREMEINF
Supreme Petrochem Ltd.,SPLPETRO
Supriya Lifescience Limited,SUPRIYA
Suraj Estate Developers Limited,SURAJEST
"Suraj Industries Limited.,",SURJIND
Suraj Ltd.,SURAJLTD
Suraj Products Ltd.,SURAJ
Surana Solar Limited,SURANASOL
Surana Telecom And Power Limited,SURANAT&P
Surat Trade and Mercantile Limited,SURATRAML
SURATWWALA BUSINESS GROUP LIMITED,SBGLP
Surbhi Industries Limited,SURBHIN
Surya India Limited,SURYAINDIA
"Surya Roshni Ltd.,",SURYAROSNI
Suryaamba Spinning Mills Limited,SURYAAMBA
Suryalakshmi Cotton Mills Ltd.,SURYALAXMI
"Suryalata Spinning Mills Ltd.,",SURYALA
"Suryavanshi Spinning Mills Ltd.,",SURYVANSP
Suryo Foods & Industries Ltd.,SURFI
Suryoday Small Finance Bank Limited,SURYODAY
SUTLEJ TEXTILES & INDUSTRIES LIMITED,SUTLEJTEX
SUUMAYA CORPORATION LIMITED,SUUMAYA
Suven Life Sciences Ltd.,SUVEN
SUVEN PHARMACEUTICALS LIMITED,SUVENPHAR
Suvidha Infraestate Corporation Limited,SICL
Suvidhaa Infoserve Limited,SUVIDHAA
Suyog Gurbaxani Funicular Ropeways Limited,SGFRL
Suyog Telematics Limited,SUYOG
SUZLON ENERGY LTD.,SUZLON
SVA India Ltd,SVAINDIA
Svam Software Ltd,SVAMSOF
"Svaraj Trading & Agencies Ltd.,",ZSVARAJT
Svarnim Trade Udyog Limited,SNIM
SVC INDUSTRIES LIMITED,SVCIND
SVP GLOBAL TEXTILES LIMITED,SVPGLOB
SVS VENTURES LIMITED,SVS
SW Investments Limited,SW1
"Swadeshi Polytex Ltd.,",SWADPOL
Swagtam Trading & Services Limited,SWAGTAM
Swan Energy Ltd.,SWANENERGY
Swaraj Engines Ltd.,SWARAJENG
Swarna Securities Ltd.,SWRNASE
SWARNSARITA JEWELS INDIA LIMITED,SWARNSAR
Swashthik Plascon Limited,SPL
Swasti Vinayaka Art And Heritage Corporation Ltd,SVARTCORP
"Swasti Vinayaka Synthetics Ltd.,",SWASTIVI
Swastik Safe Deposit & Invest. Ltd.,ZSWASTSA
Swastika Investmart Ltd,SWASTIKA
Swati Projects Limited,SWATIPRO
Swelect Energy Systems Limited,SWELECTES
SWISS MILITARY CONSUMER GOODS LIMITED,SWISSMLTRY
Switching Technologies Gunther Ltd.,SWITCHTE
Swojas Energy Foods Ltd.,SWOEF
Sybly Industries Ltd.,SYBLY
Sylph Technologies Ltd,SYLPH
Symbiox Investment & Trading Co. Ltd.,SYMBIOX
Symphony Limited,SYMPHONY
Syncom Formulations (India) Ltd.,SYNCOMF
Synergy Green Industries Limited,SGIL
Syngene International Limited,SYNGENE
"Synthiko Foils Ltd.,",SYNTHFO
Syrma SGS Technology Limited,SYRMA
Syschem (India) Ltd.,SYSCHEM
Systematix Corporate Services Ltd.,SYSTMTXC
Systematix Securities Ltd.,SYTIXSE
T & I Global Ltd.,TIGLOB
T T Ltd,TTL
T. Spiritual World Ltd.,TSPIRITUAL
T.V.Today Network Limited,TVTODAY
TAAL Enterprises Limited,TAALENT
Taaza International Limited,TAAZAINT
Tai Industries Ltd.,TAIIND
Tainwala Chemicals & Plastics Ltd,TAINWALCHM
Taj GVK Hotels & Resorts Ltd.,TAJGVK
Take Solutions Ltd,TAKE
"Talbros Automotive Components Ltd.,",TALBROAUTO
TALBROS ENGINEERING LIMITED,TALBROSENG
TAMBOLI INDUSTRIES LIMITED,TAMBOLIIN
Tamil Nadu Newsprint And Papers Ltd,TNPL
Tamilnad Mercantile Bank Limited,TMB
Tamilnadu Petroproducts Ltd,TNPETRO
Tamilnadu Steel Tubes Ltd.,TNSTLTU
"Tamilnadu Telecommunications Ltd.,",TNTELE
Taneja Aerospace & Aviation Ltd.,TANAA
"TANFAC Industries Ltd.,",TANFACIND
TANLA PLATFORMS LIMITED,TANLA
Tantia Constructions Limited,TCLCONS
Tanvi Foods (India) Limited,TANVI
"Taparia Tools Ltd.,",TAPARIA
Tarai Foods Ltd.,TARAI
TARAPUR TRANSFORMERS LIMITED,TARAPUR
TARC LIMITED,TARC
Tarini International Limited,TARINI
Tarmat Limited,TARMAT
Tarsons Products Limited,TARSONS
Tashi India Ltd.,TASHIND
"Tasty Bite Eatables Ltd.,",TASTYBITE
Tasty Dairy Specialities Limited,TDSL
Tata Chemicals Ltd,TATACHEM
Tata Coffee Ltd,TATACOFFEE
Tata Communications Limited,TATACOMM
Tata Consultancy Services Ltd.,TCS
TATA CONSUMER PRODUCTS LIMITED,TATACONSUM
Tata Elxsi Ltd,TATAELXSI
"Tata Investment Corporation Ltd.,",TATAINVEST
Tata Metaliks Ltd,TATAMETALI
Tata Motors Ltd.,TATAMOTORS
Tata Motors Ltd. Differential Voting Rights,TATAMTRDVR
Tata Power Co. Ltd,TATAPOWER
TATA STEEL LIMITED,TATASTEEL
Tata Technologies Limited,TATATECH
Tata Teleservices (Maharashtra) Ltd.,TTML
Tatia Global Vennture Limited,TATIAGLOB
Tatva Chintan Pharma Chem Limited,TATVA
Tavernier Resources Limited,TAVERNIER
Taylormade Renewables Limited,TRL
Tayo Rolls Ltd.,TATAYODOGA
TCC CONCEPT LIMITED,TCC
TCFC Finance Ltd,TCFCFINQ
TCI Express Limited,TCIEXP
"TCI Industries Ltd.,",TCIIND
TCM Ltd.,TCMLMTD
TCNS Clothing Co. Limited,TCNSBRANDS
TCPL Packaging Limited,TCPLPACK
TD Power Systems Ltd,TDPOWERSYS
TeamLease Services Limited,TEAMLEASE
Teamo Productions HQ Limited,TPHQ
Tech Mahindra Limited,TECHM
TECHINDIA NIRMAN LIMITED,TECHIN
TECHKNOWGREEN SOLUTIONS LIMITED,TECHKGREEN
Techno Electric & Engineering Company Limited,TECHNOE
Technocraft Industries (India) Ltd.,TIIL
"Technojet Consultants Ltd.,",TECHCON
Technopack Polymers Limited,TECHNOPACK
TechNVision Ventures Limited,TECHNVISN
Tecil Chemicals & Hydro Power Limit,TECILCHEM
Teesta Agro Industries Ltd,TEEAI
Tega Industries Limited,TEGA
Tejas Networks Limited,TEJASNET
TEJASSVI AAHARAM LIMITED,TEJASSVI
Tejnaksh Healthcare Limited,TEJNAKSH
TeleCanor Global Limited,TELECANOR
Telesys Software Ltd.,TELESYS
Tera Software Ltd.,TERASOFT
Terai Tea Co. Ltd.,TERAI
Terraform Magnum Limited,TERRAFORM
Terraform Realstate Limited,TERRAREAL
Texel Industries Ltd.,TEXELIN
Texmaco Infrastructure & Holdings Ltd,TEXINFRA
Texmaco Rail & Engineering Limited,TEXRAIL
Texmo Pipes and Products Limited,TEXMOPIPES
TGB Banquets and Hotels Limited,TGBHOTELS
TGV SRAAC LIMITED,TGVSL
"Thacker & Co. Ltd.,",THACKER
Thakker's Developers Ltd.,THAKDEV
THAKKERS GROUP LIMITED,THAKKERS
Thakral Services (India) Limited,THAKRAL
Thangamayil Jewellery Limited,THANGAMAYL
The Andhra Sugars Ltd.,ANDHRSUGAR
The Anup Engineering Ltd,ANUP
The Byke Hospitality    Ltd,BYKE
The Hi-Tech Gears Limited,HITECHGEAR
The Indian Wood Products Co. Ltd.,IWP
THE INVESTMENT TRUST OF INDIA LIMITED,THEINVEST
The New India Assurance Company Limited,NIACL
"The Phoenix Mills Ltd.,",PHOENIXLTD
The Phosphate Company Limited,PHOSPHATE
The Ramco Cements Limited,RAMCOCEM
The Yamuna Syndicate Ltd ,YSL
Themis Medicare Ltd.,THEMISMED
Thermax Ltd.,THERMAX
THINKINK PICTUREZ LIMITED,THINKINK
Thirani Projects Limited,TPROJECT
"Thirumalai Chemicals Ltd.,",TIRUMALCHM
"Thomas Cook (India) Ltd.,",THOMASCOOK
THOMAS SCOTT (INDIA) LIMITED,THOMASCOTT
Thyrocare Technologies Limited,THYROCARE
TIAAN CONSUMER LIMITED,TIAANC
Tide Water Oil (India) Ltd.,TIDEWATER
Tierra Agrotech Limited,TIERRA
Tiger Logistics (India) Limited,TIGERLOGS
TIJARIA POLYPIPES LIMITED,TIJARIA
"TIL Ltd.,",TIL
Tilak Ventures Limited,TILAK
Tilaknagar Industries Ltd,TI
Time Technoplast Limited,TIMETECHNO
Times Green Energy (India) Limited,TIMESGREEN
Times Guaranty Ltd.,TIMESGTY
Timex Group India Ltd,TIMEX
Timken India Ltd,TIMKEN
TINE AGRO LIMITED,TINEAGRO
Tinna Rubber and Infrastructure Limited,TINNARUBR
Tinna Trade Limited,TINNATFL
"Tinplate Company of India Ltd.,",TINPLATE
Tips Films Limited,TIPSFILMS
Tips Industries Limited,TIPSINDLTD
Tirth Plastic Ltd.,TIRTPLS
Tirupati Fin-Lease Ltd.,TFLL
TIRUPATI FOAM LIMITED,TIRUFOAM
Tirupati Sarjan Ltd.,TIRSARJ
Tirupati Starch & Chemicals Ltd.,TIRUSTA
Tirupati Tyres Ltd.,TTIL
Titaanium Ten Enterprise Limited,TITAANIUM
TITAGARH RAIL SYSTEMS LIMITED,TITAGARH
Titan Bio-Tech Ltd.,TITANBIO
Titan Company Limited,TITAN
TITAN INTECH LIMITED,TITANIN
Titan Securities Ltd.,TITANSEC
"Tivoli Construction Ltd.,",TVOLCON
TMT (India) ltd.,TMTIND-B1
Tokyo Finance Ltd.,TOKYOFIN
Tokyo Plast International Ltd.,TOKYOPLAST
Torrent Pharmaceuticals Ltd.,TORNTPHARM
TORRENT POWER LIMITED,TORNTPOWER
Tourism Finance Corpn. Of India Ltd,TFCILTD
TOYAM SPORTS LIMITED,TOYAMSL
TPL Plastech Limited,TPLPLASTEH
Tracxn Technologies Limited,TRACXN
TRADEWELL HOLDINGS LIMITED,TRADEWELL
TRANS INDIA HOUSE IMPEX LIMITED,TIHIL
"Trans-Freight Containers Ltd.,",TRANSFRE
Transchem Limited.,TRANSCHEM
Transcorp International Ltd.,TRANSCOR
Transformers and Rectifiers (India) Limited,TRIL
Transgene Biotek Ltd.,TRABI
Transglobe Foods Ltd.,TRANSFD
Transindia Real Estate Limited,TREL
"Transoceanic Properties Ltd.,",TRANOCE
"Transpek Industry Ltd.,",TRANSPEK
Transport Corporation of India Ltd,TCI
TRANSVOY LOGISTICS INDIA LIMITED,TRANSVOY
Transwarranty Finance Limited,TFL
Tree House Education & Accessories Limited,TREEHOUSE
Trejhara Solutions Limited,TREJHARA
Trent Ltd [Lakme Ltd],TRENT
TRESCON LIMITED,TRESCON
TRF Ltd,TRF
Tribhovandas Bhimji Zaveri Limited,TBZ
Tricom Fruit Products Limited,TRICOMFRU
Trident Lifeline Limited,TLL
Trident Ltd,TRIDENT
Trident Texofab Limited,TTFL
Trigyn Technologies Ltd.,TRIGYN
TRILIANCE POLYMERS LIMITED,TRILIANCE
Trimurthi Limited,TRIMURTHI
Trinity League India Limited,TRINITYLEA
Trio Mercantile & Trading Limited,TRIOMERC
"Triochem Products Ltd.,",TRIPR
Trishakti Industries Limited,TRISHAKT
"Triton Valves Ltd.,",TRITONV
Triveni Engineering & Industries Ltd,TRIVENI
"Triveni Glass Ltd.,",TRIVENIGQ
Triveni Turbine Limited,TRITURBINE
TruCap Finance Limited,TRU
TTI Enterprise Limited,TTIENT
"TTK Healthcare Ltd.,",TTKHLTCARE
TTK Prestige Ltd.,TTKPRESTIG
TTL ENTERPRISES LIMITED,TTLEL
Tube Investments of India Ltd,TIINDIA
Tulasee Bio-Ethanol Ltd.,TULASEEBIOE
Tulive Developers Limited,TULIVE
Tulsyan NEC Ltd,TULSYAN
Tuni Textile Mills Ltd.,TUNITEX
TUTICORIN ALKALI CHEMICALS AND FERTILIZERS LIMITED,TUTIALKA
TV VISION LIMITED,TVVISION
TV18 Broadcast Ltd.,TV18BRDCST
TVS Electronics Ltd.,TVSELECT
TVS Holdings Limited,TVSHLTD
TVS Motor Company Ltd.,TVSMOTOR
"TVS Srichakra Ltd.,",TVSSRICHAK
TVS Supply Chain Solutions Limited,TVSSCS
Twentyfirst Century Management Serv,21STCENMGM
"Twin Roses Trades & Agencies Ltd.,",TWIROST
Tyche Industries Ltd.,TYCHE
Typhoon Financial Services Limited,TFSL
Tyroon Tea Co. Ltd.,TYROON
U. H. ZAVERI LIMITED,UHZAVERI
U. Y. FINCORP LIMITED,UYFINCORP
"U.P. Hotels Ltd.,",UPHOT
UCAL LIMITED,UCAL
UCO Bank,UCOBANK
Udaipur Cement Works Limited,UDAICEMENT
Uday Jewellery Industries Limited.,UDAYJEW
Udayshivakumar infra Limited,USK
Uflex Limited,UFLEX
UFO Moviez India Limited,UFO
Ugar Sugar Works Ltd.,UGARSUGAR
UGRO CAPITAL LIMITED,UGROCAP
Ujjivan Financial Services Limited,UJJIVAN
Ujjivan Small Finance Bank Limited,UJJIVANSFB
Ultracab (India) Limited,ULTRACAB
"Ultramarine & Pigments Ltd.,",ULTRAMAR
UltraTech Cement Ltd,ULTRACEMCO
Uma Exports Limited,UMAEXPORTS
Umang Dairies Limited,UMANGDAIRY
Umiya Tubes Limited,UMIYA
"Uni-Abex Alloy Products Ltd.,",UNIABEXAL
"Unichem Laboratories Ltd.,",UNICHEMLAB
Unick Fix-A- Form and Printers Limited,UNICK
UNIFINZ CAPITAL INDIA LIMITED,UCIL
"Unijolly Investments Co. Ltd.,",UNIJOLL
Union Bank of India,UNIONBANK
Union Quality Plastics Ltd.,UNQTYMI
Uniparts India Limited,UNIPARTS
Uniphos Enterprises Limited.,UNIENTER
Unique Organics Ltd.,UNIQUEO
Uniroyal Industries Ltd,UNIROYAL
Uniroyal Marine Exports Ltd.,UNRYLMA
Unishire Urban Infra Limited,UNISHIRE
Unison Metals Ltd,UNISON
Unistar Multimedia Ltd,UNISTRMU
Unitech International Ltd,UNITINT
"Unitech Ltd.,",UNITECH
United Breweries Ltd.,UBL
United Credit ltd.,UNITDCR
"United Drilling Tools Ltd.,",UNIDT
United Interactive Limited,UNITEDINT
United Leasing & Industries Ltd,UNTTEMI
United Spirits Limited,UNITDSPR
United Textiles Ltd.,UNITEDTE
"United Van Der Horst Ltd.,",UVDRHOR
Univa Foods Limited,UNIVAFOODS
Universal Autofoundry Limited,UNIAUTO
"Universal Cables Ltd.,",UNIVCABLES
Universal Office Automation Limited,UNIOFFICE
Universal Starch-Chem Allied Ltd.,UNIVSTAR
UNIVERSUS PHOTO IMAGINGS LIMITED,UNIVPHOTO
Uniworth Securities Limited,UNIWSEC
Unjha Formulations Ltd.,UNJHAFOR
UNO Minda Limited,UNOMINDA
Updater Services Limited,UDS
UPL Limited,UPL
Upsurge Investment And Finance Ltd.,UPSURGE
UR SUGAR INDUSTRIES LIMITED,URSUGAR
URAVI T AND WEDGE LAMPS LIMITED,URAVI
Urja Global Limited,URJA
USG Tech Solutions Ltd,USGTECH
Usha Martin Education & Solutions Limited,UMESLTD
Usha Martin Ltd.,USHAMART
Ushakiran Finance Ltd.,USHAKIRA
UTI Asset Management Company Limited,UTIAMC
UTI Mutual Fund,UTISENSETF
UTI Mutual Fund,UTINIFTETF
UTI Mutual Fund,UTINEXT50
UTI Mutual Fund,UTISXN50
UTI Mutual Fund,UTIBANKETF
UTI Mutual Fund,NIFMID150
UTIQUE ENTERPRISES LIMITED,UTIQUE
UTKARSH SMALL FINANCE BANK LIMITED,UTKARSHBNK
UTL Industries Limited,UTLINDS
Uttam Sugar Mills Ltd,UTTAMSUGAR
V B INDUSTRIES LIMITED,VBIND
V R FILMS & STUDIOS LIMITED,VRFILMS
V R Woodart Ltd,VRWODAR
V-Guard Industries Ltd.,VGUARD
V-Mart Retail Limited,VMART
V.B.C. Ferro Alloys Ltd.,VBCFERROQ
V.B.Desai Financial Services Ltd,VBDESAI
"V.I.P. Industries Ltd.,",VIPIND
V.S.T.Tillers Tractors Ltd.,VSTTILLERS
V2 Retail Limited,V2RETAIL
VA Tech Wabag Limited,WABAG
Vaarad Ventures Ltd,VAARAD
"Vadilal Enterprises Ltd.,",VADILENT
"Vadilal Industries Ltd.,",VADILALIND
Vaghani Techno-Build Limited,VAGHANI
Vaibhav Global Ltd,VAIBHAVGBL
Vakrangee Limited,VAKRANGEE
Valiant Communications Ltd.,VALIANT
Valiant Laboratories Limited,VALIANTLAB
Valiant Organics Limited,VALIANTORG
Vallabh Steels ltd,VALLABHSQ
Valley Magnesite Company Limited,VALLEY
Valson Industries Ltd.,VALSONQ
Vama Industries Limited,VAMA
Vamshi Rubber Ltd.,VAMSHIRU
Vandana Knitwear Limited,VANDANA
Vani Commercials Limited,VANICOM
Vanta Bioscience Limited,VANTABIO
Vantage Knowledge Academy Limited,VKAL
VAPI ENTERPRISE LIMITED,VAPIENTER
Vardhan Capital & Finance Limited,VARDHANCFL
Vardhman Concrete Limited,VARDHMAN
Vardhman Holdings Limited,VHL
"Vardhman Polytex Ltd.,",VARDMNPOLY
Vardhman Special Steels Ltd,VSSL
Vardhman Textiles Limted,VTL
VARIMAN GLOBAL ENTERPRISES LIMITED,VARIMAN
Varroc Engineering Limited,VARROC
Varun Beverages Limited,VBL
"Varun Mercantile Ltd.,",VARUNME
Vas Infrastructure  Ltd.,VASINFRA
Vascon Engineers Limited,VASCONEQ
Vasudhagama Enterprises Limited,VASUDHAGAM
Vasundhara Rasayans Ltd.,VRL
Vaswani Industries Limited,VASWANI
Vaxfab Enterprises Limited,VEL
VCU Data Management Limited,VCU
VEDANT ASSET LIMITED,VEDANTASSET
Vedant Fashions Limited,MANYAVAR
Vedanta Limited,VEDL
VEDAVAAG Systems Limited,VEDAVAAG
VEEFIN SOLUTIONS LIMITED,VEEFIN
Veejay Lakshmi Engineering Works Lt,VJLAXMIE
Veer Energy & Infrastructure Limited,VEERENRGY
Veer Global Infraconstruction Limited,VGIL
VEERAM SECURITIES LIMITED,VSL
Veerhealth Care Limited,VEERHEALTH
Veerkrupa Jewellers Limited,VEERKRUPA
Velan Hotels Ltd.,VELHO
Veljan Denison Limited,VELJAN
VELOX INDUSTRIES LIMITED,VELOXIND
Venky's (India) ltd.,VENKEYS
Venlon Enterprises Ltd.,VENLONENT
"Ventura Guaranty Ltd.,",SHYAM
Ventura Textiles Ltd.,VENTURA
Venus Pipes & Tubes Limited,VENUSPIPES
Venus Remedies Ltd.,VENUSREM
Veranda Learning Solutions Limited,VERANDA
Veritas (India) Limited,VERITAS
Vertex Securities Ltd.,VERTEX
Vesuvius India Ltd.,VESUVIUS
VETO SWITCHGEARS AND CABLES LIMITED,VETO
Viaan Industries Limited,VIAANINDUS
Vibrant Global Capital Limited,VGCL
"Victoria Mills Ltd.,",VICTMILL
Vidhi Specialty Food Ingredients Limited,VIDHIING
Vidli Restaurants Limited,VIDLI
Vijay Solvex Ltd.,VIJSOLX
Vijay Textiles Ltd.,VIJAYTX
Vijaya Diagnostic Centre Limited,VIJAYA
VIJI FINANCE LIMITED,VIJIFIN
Vikalp Securities Ltd.,VIKALPS
Vikas EcoTech Limited,VIKASECO
VIKAS LIFECARE LIMITED,VIKASLIFE
VIKAS PROPPANT & GRANITE LTD.,VIKASPROP
Vikram Thermo (India) Ltd.,VIKRAMTH
Viksit Engineering Ltd,VIKSHEN
Vimta Labs Ltd.,VIMTALABS
"Vinati Organics Ltd.,",VINATIORGA
VINAYAK POLYCON INTERNATIONAL LIMITED,VINAYAKPOL
"Vindhya Telelinks Ltd.,",VINDHYATEL
Vineet Laboratories Limited,VINEETLAB
VINNY OVERSEAS LIMITED,VINNY
VINTAGE COFFEE AND BEVERAGES LIMITED,VINCOFE
Vintage Securities Ltd.,VINTAGES
Vintron Informatics Ltd.,VINTRON
"Vinyl Chemicals (India) Ltd.,",VINYLINDIA
Vinyoflex Ltd.,VINYOFL
VIP Clothing Limited,VIPCLOTHNG
Vippy Spinpro Ltd.,VIPPYSP
Vipul Limited,VIPULLTD
Vipul Organics Limited,VIPULORG
Virat Crane Industries Ltd,VIRATCRA
Virat Industries Ltd.,VIRAT
Virat Leasing Limited,VLL
Virgo Global Limited,VIRGOGLOB
Virinchi Limited,VIRINCHI
VIRTUAL GLOBAL EDUCATION LTD.,VIRTUALG
Virtualsoft Systems Ltd.,VIRTUALS
Virtuoso Optoelectronics Limited,VOEPL
VIRYA RESOURCES LIMITED,VIRYA
Visagar Financial Services Ltd,VISAGAR
Visagar Polytex Ltd,VIVIDHA
"Visaka Industries Ltd.,",VISAKAIND
Visco Trade Associates Ltd,VISCO
Visesh Infotecnics Ltd.,VISESHINFO
Vishal Bearings Limited,VISHALBL
Vishal Fabrics Limited,VISHAL
Vishnu Chemicals Limited,VISHNU
VISHNU PRAKASH R PUNGLIA LIMITED,VPRPL
VISHVPRABHA VENTURES LIMITED,VISVEN
Vishwaraj Sugar Industries Limited,VISHWARAJ
Vision Cinemas Limited,VISIONCINE
Vision Corporation Ltd.,VISIONCO
Vista Pharmaceuticals Ltd.,VISTAPH
Vistar Amar Limited,VISTARAMAR
Vitesse Agro Limited,VITESSE
Vivaa Tradecom Limited,VIVAA
Vivanta Industries Limited,VIVANTA
Vivanza Biosciences Limited,VIVANZA
Vivid Global Industries Limited,VIVIDIND
VIVID MERCANTILE LIMITED,VIVIDM
Vivo Bio tech Ltd.,VIVOBIOT
VJTF Eduservices Limited,VJTFEDU
VL E-Governance & IT Solutions Limited,VLEGOV
VLS Finance Limited,VLSFINANCE
VMS INDUSTRIES LIMITED,VMS
VODAFONE IDEA LIMITED,IDEA
Voith Paper Fabrics India Ltd,VOITHPAPR
"Voltaire Leasing & Finance Ltd.,",VOLLF
VOLTAMP TRANSFORMERS LIMITED,VOLTAMP
"Voltas Ltd.,",VOLTAS
VRL Logistics Limited,VRLLOG
Vrundavan Plantation Limited,VPL
VSD Confin ltd.,VSDCONF
VSF Projects Limited,VSFPROJ
"VST Industries Ltd.,",VSTIND
VTM Ltd,VTMLTD
VXL Instruments Ltd.,VXLINSTR
"W.H. Brady & Co. Ltd.,",WHBRADY
"W.S. Industries (India) Ltd.,",WSI
Waa Solar Limited,WAA
WAAREE RENEWABLE TECHNOLOGIES LIMITED,WAAREERTL
WAAREE TECHNOLOGIES LIMITED ,WAAREE
Wagend Infra Venture Limited,WAGEND
Walchand Peoplefirst Limited,WALCHPF
Walchandnagar Industries Ltd,WALCHANNAG
Wallfort Financial Services Ltd.,WALLFORT
Wanbury Limited,WANBURY
Wardwizard Foods and Beverages Limited,WARDWIZFBL
WARDWIZARD INNOVATIONS AND MOBILITY LIMITED,WARDINMOBI
Warren Tea Ltd.,WARRENTEA
Waterbase Limited,WATERBASE
We Win Limited,WEWIN
Web Element Solutions Limited,WEBSL
Websol Energy System Limited,WEBELSOLAR
"Weizmann Limited.,",WEIZMANIND
"Welcast Steels Ltd.,",ZWELCAST
Welcure Drugs & Pharmaceuticals ltd,WELCURE
Welspun Corp Limited,WELCORP
Welspun Enterprises Limited,WELENT
Welspun Investments and Commercials Ltd.,WELINV
WELSPUN LIVING LIMITED,WELSPUNLIV
WELSPUN SPECIALTY SOLUTIONS LIMITED,WELSPLSOL
Welterman International Ltd.,WELTI
"Wendt (India) Ltd.,",WENDT
WEP Solutions Ltd,WEPSOLN
West Coast Paper Mills Limited,WSTCSTPAPR
WEST LEISURE RESORTS LIMITED,WESTLEIRES
"Western Ministil Ltd.,",WMINIMT
WESTLIFE FOODWORLD LIMITED,WESTLIFE
WHEELS INDIA LTD,WHEELS
Whirlpool of India Ltd,WHIRLPOOL
"White Hall Commercial Co.Ltd.,",WHITHAL
White Organic Agro Limited,WHITEORG
White Organic Retail Limited,WORL
William Magor & Company Limited,WILLAMAGOR
Williamson Financial Services ltd.,WILLIMFI
Wim Plast Ltd.,WIMPLAST
Windlas Biotech Limited,WINDLAS
Windsor Machines Limited,WINDMACHIN
WinPro Industries Limited,WINPRO
"Winro Commercial (India) Ltd.,",WINROC
Winsome Breweries Ltd.,WINSOMBR
Winsome Textile Industries Ltd,WINSOMTX
Winsome Yarns Ltd.,WINSOME
"Wipro  Ltd.,",WIPRO
"Wires & Fabriks (SA) Ltd.,",WIREFABR
Wockhardt Ltd,WOCKPHARMA
Women Networks Ltd.,WOMENNET
WONDER ELECTRICALS LIMITED,WEL
Wonderla Holidays Limited,WONDERLA
Woodsvilla Limited,WOODSVILA
WORLDWIDE ALUMINIUM LIMITED,WWALUM
Worth Investment & Trading Co Limited,WORTH
WPIL Ltd,WPIL
WSFX Global Pay Limited,WSFX
Xchanging Solutions Limited,XCHANGING
Xelpmoc Design and Tech Limited,XELPMOC
Xpro India Ltd.,XPROINDIA
XTGLOBAL INFOTECH LIMITED,XTGLOBAL
YAAN ENTERPRISES LIMITED,YAANENT
Yaari Digital Integrated Services Ltd,YAARI
Yamini Investments Company Limited,YAMNINV
Yarn Syndicate Ltd.,YARNSYN
Yash Chemex Limited,YASHCHEM
YASH INNOVENTURES LIMITED,YASHINNO
Yash Management & Satellite Ltd.,YASHMGM
"Yash Trading & Finance Ltd.,",YASTF
YASHO INDUSTRIES LIMITED,YASHO
Yashraj Containeurs Ltd.,YASHRAJC
YATHARTH HOSPITAL & TRAUMA CARE SERVICES LIMITED,YATHARTH
YATRA ONLINE LIMITED,YATRA
Yes Bank Ltd.,YESBANK
YOGI LIMITED,YOGI
Yogi Sung-won (India) Ltd.,YOGISUNG
York Exports Ltd.,YORKEXP
Yug Decor Limited,YUG
"Yuken India Ltd.,",YUKEN
Yuranus Infrastructure Ltd,YURANUS
Z.F. Steering Gear (India) Limited,ZFSTEERING
ZAGGLE PREPAID OCEAN SERVICES LIMITED,ZAGGLE
Zeal Aqua Limited,ZEAL
Zee Entertainment Enterprises Ltd.,ZEEL
ZEE LEARN LIMITED,ZEELEARN
Zee Media Corporation Limited,ZEEMEDIA
Zen Technologies Ltd.,ZENTEC
Zenith Exports Ltd.,ZENITHEXPO
Zenith Fibres Limited,ZENIFIB
Zenith Health Care Ltd.,ZENITHHE
ZENITH STEEL PIPES AND  INDUSTRIES LIMITED,ZENITHSTL
Zenlabs Ethica Limited,ZENLABS
Zenotech Laboratories Limited,ZENOTECH
Zensar Technologies Ltd.,ZENSARTECH
ZF Commercial Vehicle Control Systems India Limited,ZFCVINDIA
ZIM Laboratories Limited,ZIMLAB
ZINEMA MEDIA AND ENTERTAINMENT LIMITED,ZINEMA
Zodiac Clothing Co. Ltd.,ZODIACLOTH
Zodiac Energy Limited,ZODIAC
Zodiac Ventures Limited,ZODIACVEN
Zodiac-JRD-MKJ Ltd.,ZODJRDMKJ
Zomato Limited,ZOMATO
ZUARI AGRO CHEMICALS LIMITED,ZUARI
Zuari Industries Limited,ZUARIIND
Zydus Lifesciences Limited,ZYDUSLIFE
Zydus Wellness Limited,ZYDUSWELL